bola,paso,x,y,altura
1,0,-0.30000,-3.30000,3.61699
1,1,-0.30233,-3.27555,3.60491
1,2,-0.30489,-3.25104,3.59274
1,3,-0.30768,-3.22646,3.58047
1,4,-0.31073,-3.20179,3.56808
1,5,-0.31405,-3.17703,3.55557
1,6,-0.31764,-3.15218,3.54292
1,7,-0.32153,-3.12721,3.53011
1,8,-0.32572,-3.10214,3.51714
1,9,-0.33024,-3.07693,3.50398
1,10,-0.33510,-3.05160,3.49062
1,11,-0.34032,-3.02612,3.47703
1,12,-0.34591,-3.00048,3.46320
1,13,-0.35191,-2.97468,3.44909
1,14,-0.35833,-2.94871,3.43470
1,15,-0.36518,-2.92255,3.41999
1,16,-0.37251,-2.89619,3.40492
1,17,-0.38033,-2.86961,3.38948
1,18,-0.38867,-2.84282,3.37361
1,19,-0.39756,-2.81578,3.35730
1,20,-0.40704,-2.78849,3.34048
1,21,-0.41712,-2.76094,3.32312
1,22,-0.42786,-2.73311,3.30517
1,23,-0.43928,-2.70499,3.28657
1,24,-0.45143,-2.67655,3.26727
1,25,-0.46435,-2.64780,3.24719
1,26,-0.47807,-2.61870,3.22627
1,27,-0.49265,-2.58925,3.20442
1,28,-0.50814,-2.55942,3.18158
1,29,-0.52458,-2.52922,3.15764
1,30,-0.54203,-2.49862,3.13252
1,31,-0.56054,-2.46761,3.10610
1,32,-0.58016,-2.43619,3.07829
1,33,-0.60094,-2.40434,3.04898
1,34,-0.62295,-2.37207,3.01805
1,35,-0.64622,-2.33937,2.98538
1,36,-0.67081,-2.30626,2.95089
1,37,-0.69676,-2.27274,2.91446
1,38,-0.72410,-2.23884,2.87601
1,39,-0.75285,-2.20458,2.83550
1,40,-0.78302,-2.17003,2.79289
1,41,-0.81460,-2.13522,2.74821
1,42,-0.84756,-2.10023,2.70152
1,43,-0.88183,-2.06515,2.65298
1,44,-0.91735,-2.03009,2.60279
1,45,-0.95397,-1.99515,2.55127
1,46,-0.99157,-1.96048,2.49879
1,47,-1.02994,-1.92622,2.44582
1,48,-1.06888,-1.89253,2.39290
1,49,-1.10813,-1.85958,2.34062
1,50,-1.14743,-1.82753,2.28958
1,51,-1.18651,-1.79654,2.24038
1,52,-1.22507,-1.76675,2.19355
1,53,-1.26285,-1.73829,2.14958
1,54,-1.29959,-1.71126,2.10882
1,55,-1.33507,-1.68574,2.07152
1,56,-1.36910,-1.66178,2.03780
1,57,-1.40151,-1.63941,2.00767
1,58,-1.43221,-1.61862,1.98104
1,59,-1.46111,-1.59938,1.95774
1,60,-1.48819,-1.58165,1.93753
1,61,-1.51345,-1.56537,1.92014
1,62,-1.53691,-1.55046,1.90529
1,63,-1.55862,-1.53684,1.89268
1,64,-1.57864,-1.52444,1.88204
1,65,-1.59707,-1.51316,1.87311
1,66,-1.61397,-1.50292,1.86563
1,67,-1.62946,-1.49363,1.85940
1,68,-1.64361,-1.48523,1.85422
1,69,-1.65653,-1.47762,1.84992
1,70,-1.66831,-1.47074,1.84637
1,71,-1.67903,-1.46453,1.84344
1,72,-1.68878,-1.45891,1.84103
1,73,-1.69764,-1.45385,1.83904
1,74,-1.70569,-1.44928,1.83741
1,75,-1.71300,-1.44515,1.83607
1,76,-1.71962,-1.44144,1.83497
1,77,-1.72563,-1.43808,1.83407
1,78,-1.73107,-1.43506,1.83333
1,79,-1.73600,-1.43233,1.83272
1,80,-1.74047,-1.42988,1.83223
1,81,-1.74452,-1.42766,1.83182
1,82,-1.74818,-1.42566,1.83149
1,83,-1.75149,-1.42387,1.83122
1,84,-1.75449,-1.42224,1.83100
1,85,-1.75720,-1.42078,1.83082
1,86,-1.75965,-1.41947,1.83067
1,87,-1.76187,-1.41828,1.83055
1,88,-1.76388,-1.41721,1.83045
1,89,-1.76569,-1.41624,1.83037
1,90,-1.76734,-1.41538,1.83031
1,91,-1.76882,-1.41459,1.83025
1,92,-1.77016,-1.41389,1.83021
1,93,-1.77137,-1.41325,1.83017
1,94,-1.77247,-1.41268,1.83014
1,95,-1.77346,-1.41216,1.83012
1,96,-1.77436,-1.41170,1.83010
1,97,-1.77517,-1.41128,1.83009
1,98,-1.77590,-1.41090,1.83007
1,99,-1.77656,-1.41056,1.83006
1,100,-1.77716,-1.41025,1.83005
1,101,-1.77770,-1.40997,1.83005
1,102,-1.77819,-1.40973,1.83004
1,103,-1.77863,-1.40950,1.83004
1,104,-1.77903,-1.40930,1.83003
1,105,-1.77939,-1.40912,1.83003
1,106,-1.77972,-1.40895,1.83003
1,107,-1.78001,-1.40880,1.83002
1,108,-1.78028,-1.40867,1.83002
1,109,-1.78052,-1.40855,1.83002
1,110,-1.78073,-1.40844,1.83002
1,111,-1.78093,-1.40834,1.83002
2,0,-0.20000,3.20000,3.53883
2,1,-0.19061,3.17417,3.52364
2,2,-0.18079,3.14817,3.50809
2,3,-0.17049,3.12199,3.49216
2,4,-0.15970,3.09560,3.47579
2,5,-0.14837,3.06899,3.45893
2,6,-0.13647,3.04215,3.44154
2,7,-0.12395,3.01504,3.42355
2,8,-0.11078,2.98764,3.40490
2,9,-0.09691,2.95994,3.38551
2,10,-0.08228,2.93191,3.36529
2,11,-0.06683,2.90352,3.34415
2,12,-0.05050,2.87473,3.32197
2,13,-0.03323,2.84552,3.29863
2,14,-0.01493,2.81585,3.27398
2,15,0.00448,2.78568,3.24784
2,16,0.02509,2.75497,3.22003
2,17,0.04701,2.72367,3.19032
2,18,0.07034,2.69173,3.15845
2,19,0.09522,2.65910,3.12412
2,20,0.12178,2.62572,3.08697
2,21,0.15018,2.59152,3.04660
2,22,0.18057,2.55645,3.00253
2,23,0.21315,2.52043,2.95421
2,24,0.24811,2.48338,2.90101
2,25,0.28566,2.44524,2.84221
2,26,0.32604,2.40592,2.77697
2,27,0.36947,2.36536,2.70439
2,28,0.41619,2.32350,2.62347
2,29,0.46643,2.28029,2.53318
2,30,0.52038,2.23571,2.43249
2,31,0.57822,2.18979,2.32053
2,32,0.63999,2.14260,2.19668
2,33,0.70566,2.09429,2.06084
2,34,0.77501,2.04511,1.91365
2,35,0.84761,1.99541,1.75679
2,36,0.92277,1.94565,1.59312
2,37,0.99957,1.89643,1.42672
2,38,1.07682,1.84840,1.26260
2,39,1.15317,1.80226,1.10613
2,40,1.22722,1.75867,0.96225
2,41,1.29769,1.71819,0.83470
2,42,1.36349,1.68123,0.72558
2,43,1.42386,1.64798,0.63525
2,44,1.47839,1.61849,0.56263
2,45,1.52698,1.59263,0.50569
2,46,1.56978,1.57017,0.46195
2,47,1.60715,1.55081,0.42890
2,48,1.63954,1.53421,0.40426
2,49,1.66745,1.52005,0.38607
2,50,1.69139,1.50800,0.37276
2,51,1.71185,1.49778,0.36306
2,52,1.72931,1.48912,0.35604
2,53,1.74417,1.48179,0.35097
2,54,1.75679,1.47560,0.34731
2,55,1.76750,1.47037,0.34468
2,56,1.77659,1.46595,0.34280
2,57,1.78429,1.46222,0.34145
2,58,1.79081,1.45907,0.34048
2,59,1.79634,1.45641,0.33979
2,60,1.80101,1.45417,0.33929
2,61,1.80496,1.45228,0.33894
2,62,1.80831,1.45068,0.33868
2,63,1.81114,1.44934,0.33850
2,64,1.81353,1.44820,0.33837
2,65,1.81555,1.44724,0.33828
2,66,1.81726,1.44643,0.33821
2,67,1.81871,1.44575,0.33817
2,68,1.81993,1.44517,0.33813
2,69,1.82097,1.44469,0.33811
2,70,1.82184,1.44428,0.33809
2,71,1.82258,1.44393,0.33808
2,72,1.82320,1.44364,0.33807
2,73,1.82373,1.44339,0.33806
2,74,1.82418,1.44319,0.33806
2,75,1.82455,1.44301,0.33806
2,76,1.82487,1.44286,0.33805
2,77,1.82514,1.44274,0.33805
2,78,1.82537,1.44263,0.33805
2,79,1.82556,1.44254,0.33805
