pasos,visto,nuevo,acierto_visto,acierto_nuevo
0,3.9227,3.9137,0.0254,0.0274
1000,1.9000,1.8916,0.4137,0.4165
2000,1.6892,1.6846,0.4782,0.4775
3000,1.5791,1.5882,0.5092,0.5038
4000,1.5129,1.5277,0.5258,0.5173
5000,1.4690,1.4944,0.5382,0.5270
6000,1.4410,1.4637,0.5466,0.5374
7000,1.4158,1.4485,0.5539,0.5408
8000,1.3969,1.4324,0.5587,0.5466
9000,1.3830,1.4190,0.5620,0.5486
10000,1.3683,1.4079,0.5664,0.5533
11000,1.3546,1.4017,0.5700,0.5556
12000,1.3441,1.3933,0.5724,0.5578
13000,1.3331,1.3833,0.5765,0.5615
14000,1.3252,1.3763,0.5779,0.5626
15000,1.3200,1.3776,0.5787,0.5615
16000,1.3098,1.3686,0.5823,0.5651
17000,1.3041,1.3645,0.5842,0.5664
18000,1.2975,1.3632,0.5854,0.5662
19000,1.2913,1.3574,0.5873,0.5686
20000,1.2878,1.3530,0.5878,0.5684
21000,1.2831,1.3508,0.5887,0.5700
22000,1.2765,1.3505,0.5914,0.5699
23000,1.2711,1.3424,0.5928,0.5723
24000,1.2706,1.3427,0.5924,0.5722
25000,1.2650,1.3429,0.5940,0.5729
26000,1.2604,1.3403,0.5955,0.5732
27000,1.2577,1.3386,0.5960,0.5739
28000,1.2545,1.3370,0.5974,0.5736
29000,1.2494,1.3360,0.5986,0.5746
30000,1.2470,1.3345,0.5996,0.5750
31000,1.2456,1.3311,0.6000,0.5760
32000,1.2431,1.3327,0.5994,0.5753
33000,1.2402,1.3307,0.6023,0.5766
34000,1.2388,1.3268,0.6021,0.5768
35000,1.2340,1.3287,0.6033,0.5767
36000,1.2307,1.3267,0.6037,0.5786
37000,1.2285,1.3266,0.6042,0.5779
38000,1.2264,1.3237,0.6052,0.5796
39000,1.2248,1.3248,0.6056,0.5785
40000,1.2231,1.3282,0.6064,0.5776
41000,1.2207,1.3212,0.6073,0.5790
42000,1.2174,1.3221,0.6079,0.5780
43000,1.2168,1.3235,0.6075,0.5775
44000,1.2151,1.3239,0.6087,0.5787
45000,1.2121,1.3201,0.6096,0.5805
46000,1.2106,1.3197,0.6100,0.5799
47000,1.2065,1.3201,0.6116,0.5805
48000,1.2055,1.3219,0.6115,0.5811
49000,1.2033,1.3185,0.6130,0.5815
50000,1.2055,1.3206,0.6118,0.5820
51000,1.2017,1.3180,0.6127,0.5817
52000,1.2008,1.3192,0.6130,0.5795
53000,1.1986,1.3205,0.6133,0.5795
54000,1.1962,1.3181,0.6138,0.5811
55000,1.1947,1.3189,0.6145,0.5800
56000,1.1933,1.3178,0.6147,0.5809
57000,1.1939,1.3208,0.6151,0.5797
58000,1.1908,1.3182,0.6155,0.5800
59000,1.1894,1.3181,0.6152,0.5820
60000,1.1906,1.3181,0.6148,0.5822
61000,1.1855,1.3193,0.6170,0.5805
62000,1.1885,1.3174,0.6158,0.5814
63000,1.1868,1.3153,0.6166,0.5816
64000,1.1836,1.3200,0.6179,0.5815
65000,1.1842,1.3185,0.6166,0.5837
66000,1.1827,1.3178,0.6175,0.5822
67000,1.1813,1.3180,0.6181,0.5814
68000,1.1785,1.3186,0.6193,0.5827
69000,1.1788,1.3179,0.6190,0.5832
70000,1.1764,1.3178,0.6190,0.5814
71000,1.1778,1.3178,0.6193,0.5833
72000,1.1745,1.3201,0.6193,0.5807
73000,1.1726,1.3168,0.6209,0.5828
74000,1.1716,1.3161,0.6205,0.5830
75000,1.1713,1.3196,0.6209,0.5826
76000,1.1709,1.3181,0.6209,0.5820
77000,1.1708,1.3190,0.6213,0.5835
78000,1.1672,1.3152,0.6219,0.5828
79000,1.1677,1.3174,0.6225,0.5816
80000,1.1681,1.3176,0.6228,0.5839
81000,1.1666,1.3201,0.6229,0.5824
82000,1.1651,1.3170,0.6229,0.5835
83000,1.1668,1.3152,0.6221,0.5849
84000,1.1628,1.3140,0.6236,0.5844
85000,1.1614,1.3181,0.6236,0.5835
86000,1.1614,1.3216,0.6243,0.5826
87000,1.1616,1.3166,0.6232,0.5835
88000,1.1615,1.3178,0.6239,0.5828
89000,1.1610,1.3247,0.6245,0.5821
90000,1.1579,1.3214,0.6248,0.5823
91000,1.1578,1.3219,0.6254,0.5832
92000,1.1577,1.3193,0.6247,0.5849
93000,1.1560,1.3190,0.6251,0.5839
94000,1.1560,1.3178,0.6258,0.5838
95000,1.1548,1.3174,0.6252,0.5831
96000,1.1536,1.3185,0.6252,0.5831
97000,1.1515,1.3187,0.6261,0.5835
98000,1.1511,1.3200,0.6267,0.5841
99000,1.1502,1.3190,0.6270,0.5832
100000,1.1503,1.3229,0.6270,0.5837
101000,1.1487,1.3240,0.6277,0.5831
102000,1.1491,1.3204,0.6274,0.5834
103000,1.1473,1.3210,0.6282,0.5834
104000,1.1459,1.3222,0.6288,0.5837
105000,1.1464,1.3220,0.6287,0.5835
106000,1.1477,1.3249,0.6281,0.5837
107000,1.1466,1.3242,0.6286,0.5827
108000,1.1450,1.3221,0.6285,0.5836
109000,1.1464,1.3243,0.6282,0.5821
110000,1.1464,1.3236,0.6282,0.5833
111000,1.1436,1.3173,0.6281,0.5836
112000,1.1441,1.3235,0.6288,0.5822
113000,1.1417,1.3224,0.6299,0.5827
114000,1.1412,1.3226,0.6300,0.5821
115000,1.1423,1.3229,0.6295,0.5829
116000,1.1413,1.3253,0.6296,0.5817
117000,1.1394,1.3232,0.6298,0.5825
118000,1.1403,1.3240,0.6303,0.5820
119000,1.1397,1.3269,0.6299,0.5819
120000,1.1381,1.3233,0.6312,0.5834
121000,1.1388,1.3289,0.6306,0.5824
122000,1.1378,1.3225,0.6318,0.5839
123000,1.1372,1.3241,0.6309,0.5846
124000,1.1346,1.3257,0.6317,0.5822
125000,1.1353,1.3256,0.6318,0.5836
126000,1.1367,1.3256,0.6320,0.5833
127000,1.1352,1.3259,0.6322,0.5832
128000,1.1345,1.3190,0.6320,0.5849
129000,1.1330,1.3237,0.6325,0.5838
130000,1.1325,1.3263,0.6321,0.5816
131000,1.1330,1.3243,0.6321,0.5838
132000,1.1311,1.3262,0.6333,0.5834
133000,1.1299,1.3248,0.6338,0.5841
134000,1.1293,1.3297,0.6335,0.5834
135000,1.1288,1.3269,0.6335,0.5835
136000,1.1275,1.3250,0.6342,0.5835
137000,1.1273,1.3258,0.6340,0.5832
138000,1.1285,1.3232,0.6333,0.5839
139000,1.1290,1.3274,0.6335,0.5838
140000,1.1263,1.3254,0.6343,0.5837
141000,1.1286,1.3265,0.6339,0.5831
142000,1.1272,1.3276,0.6337,0.5838
143000,1.1270,1.3300,0.6340,0.5823
144000,1.1245,1.3283,0.6345,0.5828
145000,1.1247,1.3308,0.6345,0.5842
146000,1.1238,1.3276,0.6359,0.5826
147000,1.1243,1.3294,0.6343,0.5838
148000,1.1242,1.3281,0.6349,0.5833
149000,1.1229,1.3250,0.6354,0.5843
150000,1.1228,1.3271,0.6353,0.5835
