cada_parte,las_cinco
0,0.0000
1,0.0000
2,0.0000
3,0.0000
4,0.0000
5,0.0000
6,0.0001
7,0.0002
8,0.0003
9,0.0006
10,0.0010
11,0.0016
12,0.0025
13,0.0037
14,0.0054
15,0.0076
16,0.0105
17,0.0142
18,0.0189
19,0.0248
20,0.0320
21,0.0408
22,0.0515
23,0.0644
24,0.0796
25,0.0977
26,0.1188
27,0.1435
28,0.1721
29,0.2051
30,0.2430
31,0.2863
32,0.3355
33,0.3914
34,0.4544
35,0.5252
36,0.6047
37,0.6934
38,0.7924
39,0.9022
40,1.0240
41,1.1586
42,1.3069
43,1.4701
44,1.6492
45,1.8453
46,2.0596
47,2.2935
48,2.5480
49,2.8248
50,3.1250
51,3.4503
52,3.8020
53,4.1820
54,4.5917
55,5.0328
56,5.5073
57,6.0169
58,6.5636
59,7.1492
60,7.7760
61,8.4460
62,9.1613
63,9.9244
64,10.7374
65,11.6029
66,12.5233
67,13.5013
68,14.5393
69,15.6403
70,16.8070
71,18.0423
72,19.3492
73,20.7307
74,22.1901
75,23.7305
76,25.3553
77,27.0678
78,28.8717
79,30.7706
80,32.7680
81,34.8678
82,37.0740
83,39.3904
84,41.8212
85,44.3705
86,47.0427
87,49.8421
88,52.7732
89,55.8406
90,59.0490
91,62.4032
92,65.9082
93,69.5688
94,73.3904
95,77.3781
96,81.5373
97,85.8734
98,90.3921
99,95.0990
100,100.0000
