minutos,lo_mal_que_lo_hace
0.0097,2.6494
0.0191,2.4910
0.0285,2.4231
0.0379,2.3795
0.0473,2.3827
0.0567,2.3890
0.0661,2.3961
0.0755,2.3656
0.0849,2.3408
0.0943,2.3306
0.1037,2.3476
0.1131,2.3294
0.1225,2.3123
0.1319,2.3058
0.1413,2.2605
0.1507,2.2757
0.1601,2.2471
0.1694,2.2404
0.1789,2.2238
0.1883,2.1983
0.1977,2.1737
0.2071,2.1560
0.2165,2.1389
0.2260,2.1277
0.2354,2.0917
0.2448,2.1241
0.2542,2.0843
0.2636,2.0539
0.2729,2.0723
0.2823,2.0868
0.2918,2.0306
0.3012,1.9981
0.3106,2.0337
0.3200,2.0295
0.3294,1.9917
0.3388,2.0116
0.3482,1.9693
0.3576,2.0083
0.3671,1.9610
0.3765,1.9142
0.3859,1.9961
0.3953,1.9407
0.4047,1.9605
0.4142,1.9408
0.4236,1.9197
0.4330,1.9577
0.4424,1.9012
0.4518,1.9161
0.4612,1.8990
0.4706,1.8939
0.4801,1.8734
0.4895,1.8880
0.4990,1.8531
0.5281,1.8825
0.5375,1.8813
0.5469,1.8454
0.5564,1.8504
0.5658,1.8085
0.5752,1.8406
0.5846,1.8424
0.5940,1.8058
0.6034,1.8458
0.6128,1.8497
0.6223,1.8352
0.6317,1.8375
0.6411,1.8538
0.6506,1.8149
0.6600,1.7696
0.6694,1.7879
0.6788,1.8272
0.6882,1.8018
0.6977,1.7981
0.7071,1.8047
0.7165,1.7824
0.7259,1.8106
0.7354,1.7732
0.7448,1.7453
0.7542,1.7109
0.7636,1.7659
0.7730,1.7812
0.7824,1.7460
0.7918,1.7658
0.8013,1.7429
0.8107,1.7912
0.8202,1.7319
0.8296,1.7411
0.8390,1.7213
0.8484,1.6939
0.8578,1.7277
0.8672,1.7285
0.8767,1.6609
0.8861,1.7456
0.8955,1.6912
0.9049,1.6750
0.9144,1.6970
0.9238,1.6850
0.9333,1.6522
0.9426,1.6656
0.9520,1.6468
0.9615,1.6254
0.9709,1.7093
0.9804,1.6060
0.9898,1.6690
0.9992,1.6745
1.0086,1.6613
1.0181,1.6578
1.0275,1.6835
1.0368,1.6467
1.0463,1.6631
1.0557,1.6524
1.0652,1.6792
1.0746,1.6673
1.0840,1.6802
1.0934,1.7088
1.1029,1.6762
1.1123,1.6375
1.1217,1.6548
1.1311,1.6551
1.1405,1.6439
1.1499,1.6325
1.1594,1.6062
1.1688,1.6243
1.1782,1.5690
1.1876,1.6969
1.1970,1.6399
1.2064,1.5964
1.2158,1.6977
1.2252,1.6401
1.2347,1.5867
1.2441,1.6172
1.2535,1.6134
1.2630,1.6307
1.2724,1.6337
1.2818,1.6028
1.2912,1.6155
1.3006,1.5761
1.3100,1.6454
1.3195,1.5912
1.3289,1.6147
1.3384,1.5662
1.3477,1.6023
1.3572,1.5520
1.3666,1.6051
1.3760,1.5830
1.3854,1.6081
1.3948,1.5845
1.4043,1.5381
1.4137,1.5666
1.4231,1.5885
1.4326,1.5880
1.4420,1.5872
1.4514,1.5542
1.4608,1.5652
1.4702,1.5731
1.4796,1.5759
1.4891,1.5457
1.4985,1.6080
1.5080,1.5345
1.5174,1.5461
1.5268,1.5760
1.5363,1.5155
1.5457,1.6061
1.5551,1.6065
1.5645,1.5845
1.5739,1.5257
1.5833,1.5665
1.5928,1.5744
1.6022,1.5483
1.6116,1.5277
1.6210,1.6052
1.6304,1.5247
1.6399,1.5521
1.6493,1.5093
1.6587,1.5118
1.6681,1.5609
1.6775,1.5714
1.6870,1.5064
1.6964,1.5392
1.7058,1.5150
1.7153,1.5184
1.7247,1.6124
1.7341,1.5001
1.7435,1.5076
1.7529,1.4756
1.7623,1.5134
1.7718,1.5139
1.7811,1.5354
1.7906,1.5267
1.8000,1.5127
1.8094,1.5331
1.8188,1.5168
1.8282,1.5116
1.8376,1.5915
1.8470,1.4971
1.8565,1.4813
1.8659,1.4832
1.8753,1.4605
1.8848,1.5023
1.8942,1.5154
1.9036,1.4840
1.9130,1.4759
1.9224,1.5174
1.9318,1.5204
1.9413,1.5095
1.9507,1.5054
1.9601,1.5120
1.9695,1.4911
1.9790,1.5236
1.9884,1.4985
1.9978,1.4756
2.0127,1.4893
2.0222,1.4523
2.0316,1.4721
2.0410,1.4935
2.0505,1.5139
2.0599,1.4662
2.0694,1.4933
2.0788,1.5167
2.0882,1.4773
2.0976,1.5623
2.1071,1.4791
2.1165,1.4953
2.1260,1.5079
2.1355,1.4636
2.1449,1.4921
2.1543,1.4836
2.1637,1.4574
2.1732,1.4653
2.1826,1.4770
2.1920,1.4800
2.2015,1.4696
2.2109,1.4957
2.2203,1.4561
2.2298,1.4950
2.2392,1.4817
2.2487,1.4419
2.2581,1.4594
2.2675,1.4904
2.2769,1.4671
2.2863,1.4825
2.2958,1.4254
2.3051,1.4430
2.3146,1.4697
2.3240,1.4718
2.3335,1.4855
2.3429,1.4405
2.3523,1.4525
2.3617,1.4863
2.3712,1.4594
2.3806,1.4471
2.3900,1.4592
2.3995,1.4545
2.4089,1.4694
2.4184,1.4461
2.4278,1.4414
2.4372,1.4669
2.4467,1.4281
2.4561,1.4698
2.4655,1.4575
2.4750,1.4148
2.4844,1.4507
2.4939,1.4371
2.5033,1.4839
2.5127,1.4662
2.5221,1.4105
2.5315,1.4430
2.5409,1.4565
2.5503,1.4740
2.5598,1.4632
2.5692,1.4411
2.5786,1.4841
2.5881,1.4370
2.5975,1.4488
2.6069,1.4525
2.6163,1.4900
2.6257,1.4560
2.6351,1.4437
2.6446,1.4108
2.6540,1.4273
2.6634,1.4865
2.6729,1.4445
2.6823,1.4328
2.6917,1.4074
2.7011,1.4391
2.7106,1.4504
2.7200,1.4252
2.7294,1.4547
2.7388,1.4683
2.7482,1.4668
2.7577,1.4205
2.7671,1.4132
2.7765,1.4047
2.7859,1.4176
2.7953,1.4135
2.8047,1.4784
2.8142,1.4607
2.8236,1.4705
2.8330,1.4229
2.8424,1.4563
2.8519,1.4185
2.8613,1.4116
2.8707,1.4453
2.8801,1.4714
2.8895,1.4268
2.8989,1.4265
2.9083,1.4367
2.9178,1.4043
2.9272,1.4369
2.9366,1.4177
2.9461,1.4227
2.9555,1.4391
2.9649,1.4728
2.9743,1.4335
2.9837,1.4580
2.9931,1.4181
3.0026,1.4531
3.0120,1.3960
3.0214,1.4014
3.0309,1.4368
3.0403,1.4425
3.0497,1.4775
3.0591,1.4506
3.0685,1.3846
3.0779,1.4410
3.0873,1.4560
3.0968,1.4592
3.1062,1.4432
3.1156,1.4439
3.1250,1.4512
3.1344,1.4164
3.1439,1.5025
3.1533,1.4147
3.1627,1.4262
3.1721,1.4520
3.1816,1.4395
3.1910,1.4186
3.2004,1.4072
3.2099,1.4264
3.2193,1.4203
3.2287,1.3927
3.2381,1.4109
3.2475,1.4611
3.2569,1.4008
3.2663,1.4349
3.2758,1.4187
3.2852,1.3952
3.2946,1.4293
3.3040,1.4100
3.3134,1.3916
3.3228,1.3907
3.3323,1.3707
3.3416,1.4313
3.3510,1.3958
3.3605,1.4047
3.3699,1.4314
3.3793,1.3918
3.3887,1.4181
3.3981,1.3897
3.4075,1.3997
3.4169,1.3934
3.4264,1.4393
3.4358,1.3856
3.4452,1.3636
3.4547,1.4253
3.4641,1.3854
3.4735,1.3766
3.4829,1.4118
3.4923,1.3489
3.5017,1.4340
3.5112,1.4287
3.5206,1.3818
3.5300,1.4221
3.5394,1.3700
3.5489,1.4150
3.5583,1.4585
3.5677,1.3450
3.5771,1.3782
3.5865,1.3787
3.5959,1.3672
3.6054,1.4025
3.6148,1.4187
3.6242,1.3953
3.6336,1.3937
3.6431,1.3929
3.6525,1.4307
3.6619,1.4086
3.6713,1.3532
3.6807,1.3680
3.6901,1.3918
3.6996,1.3805
3.7090,1.4134
3.7184,1.3874
3.7279,1.3837
3.7373,1.3765
3.7467,1.3854
3.7561,1.3652
3.7654,1.4107
3.7749,1.3937
3.7843,1.3746
3.7937,1.3580
3.8031,1.4324
3.8125,1.4455
3.8220,1.4037
3.8314,1.3711
3.8408,1.3774
3.8502,1.3917
3.8596,1.3918
3.8690,1.3868
3.8784,1.3731
3.8879,1.3831
3.8973,1.3816
3.9067,1.3260
3.9161,1.3913
3.9255,1.4174
3.9349,1.4432
3.9443,1.4300
3.9537,1.3434
3.9631,1.3783
3.9725,1.3140
3.9819,1.3619
3.9914,1.3665
4.0008,1.3492
4.0102,1.3950
4.0196,1.3702
4.0290,1.3865
4.0385,1.4187
4.0479,1.3847
4.0573,1.3702
4.0668,1.3892
4.0762,1.3802
4.0856,1.4339
4.0950,1.3745
4.1044,1.4205
4.1138,1.3752
4.1232,1.3556
4.1326,1.4127
4.1421,1.3804
4.1515,1.3695
4.1609,1.3936
4.1703,1.3520
4.1796,1.3633
4.1891,1.4014
4.1985,1.3835
4.2079,1.3838
4.2173,1.3664
4.2267,1.4025
4.2361,1.3740
4.2456,1.3932
4.2550,1.3551
4.2644,1.3703
4.2738,1.3442
4.2832,1.3140
4.2927,1.4531
4.3021,1.3861
4.3115,1.3899
4.3209,1.3256
4.3304,1.3706
4.3398,1.3890
4.3492,1.3300
4.3585,1.3706
4.3679,1.3927
4.3773,1.3588
4.3867,1.3277
4.3962,1.3720
4.4056,1.3538
4.4151,1.3152
4.4245,1.3615
4.4340,1.3973
4.4434,1.3541
4.4528,1.3846
4.4623,1.3200
4.4717,1.3688
4.4812,1.3462
4.4906,1.3714
4.5000,1.3567
4.5095,1.3859
4.5189,1.3733
4.5284,1.4018
4.5378,1.4095
4.5473,1.3714
4.5567,1.3454
4.5661,1.3741
4.5756,1.4150
4.5850,1.3766
4.5944,1.3606
4.6039,1.3898
4.6133,1.4194
4.6228,1.3775
4.6322,1.3744
4.6416,1.4225
4.6511,1.3776
4.6605,1.4211
4.6699,1.3710
4.6793,1.3802
4.6888,1.3778
4.6983,1.4150
4.7077,1.3163
4.7171,1.3686
4.7266,1.3741
4.7360,1.3709
4.7454,1.3602
4.7549,1.3990
4.7643,1.3747
4.7737,1.3262
4.7831,1.3942
4.7926,1.3627
4.8020,1.3237
4.8115,1.3452
4.8209,1.3747
4.8304,1.3986
4.8398,1.3511
4.8493,1.3760
4.8587,1.3629
4.8681,1.3631
4.8776,1.3431
4.8870,1.3645
4.8965,1.3167
4.9059,1.3711
4.9154,1.3749
4.9248,1.3788
4.9342,1.3583
4.9437,1.3481
4.9531,1.3722
4.9626,1.3957
4.9720,1.3493
4.9814,1.3790
4.9909,1.3597
5.0003,1.3752
5.0098,1.3519
5.0192,1.3541
5.0286,1.3900
5.0380,1.3639
5.0475,1.3176
5.0569,1.4375
5.0663,1.3779
5.0757,1.3821
5.0851,1.3546
5.0946,1.3556
5.1040,1.3694
5.1134,1.3547
5.1228,1.3747
5.1322,1.3019
5.1417,1.3871
5.1511,1.3736
5.1605,1.3386
5.1699,1.3473
5.1793,1.3867
5.1888,1.3600
5.1982,1.3880
5.2076,1.3313
5.2171,1.3445
5.2265,1.3717
5.2359,1.3513
5.2453,1.3606
5.2547,1.3766
5.2642,1.3520
5.2736,1.3440
5.2831,1.3333
5.2925,1.3256
5.3019,1.3536
5.3113,1.3425
5.3208,1.3270
5.3302,1.3603
5.3396,1.3252
5.3490,1.3659
5.3585,1.3342
5.3679,1.3550
5.3774,1.3020
5.3868,1.3533
5.3963,1.3054
5.4057,1.3451
5.4151,1.3355
5.4245,1.3426
5.4340,1.3739
5.4434,1.3833
5.4528,1.2791
5.4623,1.4299
5.4717,1.3354
5.4811,1.3563
5.4906,1.3282
5.5000,1.3425
5.5094,1.3432
5.5188,1.3106
5.5282,1.3484
5.5376,1.2972
5.5470,1.3422
5.5564,1.3266
5.5659,1.3328
5.5753,1.3901
5.5847,1.3480
5.5941,1.3117
5.6035,1.3666
5.6130,1.3461
5.6224,1.2917
5.6318,1.3510
5.6413,1.3417
5.6507,1.3419
5.6602,1.3461
5.6696,1.3482
5.6791,1.3897
5.6885,1.3282
5.6979,1.3882
5.7074,1.3099
5.7168,1.3545
5.7263,1.3189
5.7357,1.3049
5.7452,1.3759
5.7547,1.3477
5.7641,1.3122
5.7735,1.2841
5.7830,1.3182
5.7924,1.3795
5.8018,1.3094
5.8113,1.3466
5.8207,1.3029
5.8301,1.3266
5.8396,1.3505
5.8490,1.3452
5.8584,1.2968
5.8678,1.3306
5.8773,1.3184
5.8867,1.3433
5.8962,1.3623
5.9056,1.3630
5.9150,1.3373
5.9245,1.4004
5.9340,1.3150
5.9434,1.3177
5.9528,1.3190
5.9623,1.3501
5.9717,1.3250
5.9811,1.3384
5.9905,1.3475
6.0000,1.3028
6.0094,1.3265
6.0188,1.3249
6.0283,1.3147
6.0377,1.3296
6.0472,1.3406
6.0566,1.3739
6.0661,1.3185
6.0755,1.2986
6.0850,1.3462
6.0944,1.3368
6.1039,1.3392
6.1133,1.3930
6.1227,1.3457
6.1322,1.3360
6.1416,1.3582
6.1511,1.3149
6.1605,1.3247
6.1700,1.3267
6.1794,1.3574
6.1889,1.3464
6.1983,1.3371
6.2078,1.3663
6.2172,1.3285
6.2266,1.3186
6.2360,1.3428
6.2455,1.2867
6.2549,1.3241
6.2643,1.3445
6.2737,1.3232
6.2832,1.3042
6.2926,1.3659
6.3020,1.3037
6.3114,1.3194
6.3209,1.3181
6.3303,1.3708
6.3397,1.2910
6.3491,1.2965
6.3586,1.2948
6.3680,1.3228
6.3774,1.3120
6.3868,1.3585
6.3962,1.4101
6.4057,1.3472
6.4151,1.3495
6.4246,1.3165
6.4340,1.3157
6.4434,1.3276
6.4528,1.2548
6.4623,1.2860
6.4717,1.3387
6.4811,1.2982
6.4905,1.3356
6.5000,1.3123
6.5095,1.3394
6.5189,1.3336
6.5283,1.3380
6.5377,1.3410
6.5471,1.3559
6.5565,1.3166
6.5659,1.2934
6.5754,1.3310
6.5848,1.3065
6.5942,1.3112
6.6036,1.3632
6.6130,1.3078
6.6225,1.3357
6.6319,1.2812
6.6413,1.3022
6.6507,1.3128
6.6602,1.3452
6.6696,1.3118
6.6791,1.3454
6.6885,1.2900
6.6980,1.3297
6.7074,1.2906
6.7168,1.3346
6.7262,1.2983
6.7357,1.3087
6.7451,1.3212
6.7545,1.2866
6.7639,1.3170
6.7734,1.3648
6.7827,1.3497
6.7921,1.3186
6.8016,1.2797
6.8110,1.2920
6.8204,1.2934
6.8298,1.3259
6.8392,1.3246
6.8486,1.2998
6.8581,1.3110
6.8675,1.3255
6.8769,1.3497
6.8864,1.2517
6.8958,1.3465
6.9052,1.2978
6.9146,1.2924
6.9240,1.3325
6.9335,1.3213
6.9429,1.2459
6.9523,1.3210
6.9618,1.3085
6.9712,1.2999
6.9807,1.3200
6.9901,1.3393
6.9995,1.3300
7.0089,1.3138
7.0184,1.3362
7.0278,1.3220
7.0372,1.3483
7.0466,1.3145
7.0561,1.3109
7.0655,1.3080
7.0749,1.3117
7.0843,1.3027
7.0938,1.3481
7.1032,1.3406
7.1126,1.3346
7.1220,1.3346
7.1314,1.3132
7.1408,1.2929
7.1502,1.3110
7.1597,1.2789
7.1691,1.3189
7.1785,1.3160
7.1879,1.3336
7.1973,1.2919
7.2068,1.2981
7.2161,1.2641
7.2256,1.3307
7.2350,1.2987
7.2444,1.2990
7.2538,1.2897
7.2632,1.3083
7.2727,1.3145
7.2821,1.3344
7.2916,1.3282
7.3010,1.2804
7.3104,1.2742
7.3199,1.2895
7.3293,1.3353
7.3387,1.3302
7.3481,1.2740
7.3575,1.2843
7.3670,1.2849
7.3764,1.3064
7.3857,1.2829
7.3950,1.3101
7.4044,1.3163
7.4138,1.3374
7.4233,1.3350
7.4327,1.3143
7.4421,1.3633
7.4515,1.3181
7.4609,1.2598
7.4704,1.2954
7.4798,1.3315
7.4892,1.2680
7.4986,1.2792
7.5080,1.3295
7.5174,1.3195
7.5269,1.3148
7.5363,1.3311
7.5457,1.2969
7.5551,1.2927
7.5646,1.2998
7.5740,1.3089
7.5835,1.2880
7.5929,1.3241
7.6023,1.3212
7.6117,1.3023
7.6211,1.3059
7.6306,1.3356
7.6400,1.3222
7.6494,1.3125
7.6588,1.3385
7.6683,1.3283
7.6777,1.3410
7.6870,1.2615
7.6965,1.3384
7.7059,1.3066
7.7153,1.2972
7.7248,1.2816
7.7342,1.3054
7.7436,1.3234
7.7530,1.3164
7.7624,1.3130
7.7718,1.3100
7.7812,1.3034
7.7906,1.2792
7.8000,1.2982
7.8094,1.3153
7.8188,1.3578
7.8283,1.2850
7.8377,1.2921
7.8472,1.3381
7.8566,1.3270
7.8660,1.3024
7.8754,1.3047
7.8848,1.3160
7.8942,1.3128
7.9037,1.2887
7.9131,1.2907
7.9225,1.3061
7.9319,1.2695
7.9413,1.3192
7.9507,1.3254
7.9601,1.3180
7.9695,1.3113
7.9789,1.3287
7.9883,1.2618
7.9977,1.3173
8.0125,1.3198
8.0219,1.3350
8.0313,1.3013
8.0407,1.3067
8.0501,1.2583
8.0596,1.3201
8.0690,1.3200
8.0784,1.2829
8.0879,1.2913
8.0973,1.2801
8.1067,1.2918
8.1161,1.2546
8.1255,1.2946
8.1349,1.2964
8.1443,1.3531
8.1537,1.2491
8.1632,1.3124
8.1726,1.3235
8.1820,1.2664
8.1914,1.3083
8.2008,1.2654
8.2102,1.3321
8.2196,1.2862
8.2290,1.3016
8.2384,1.2756
8.2478,1.2969
8.2573,1.2647
8.2667,1.3314
8.2761,1.3017
8.2855,1.3592
8.2948,1.3103
8.3043,1.3150
8.3137,1.2850
8.3231,1.2946
8.3325,1.2688
8.3419,1.2714
8.3514,1.3153
8.3608,1.3399
8.3702,1.3027
8.3795,1.2894
8.3889,1.2882
8.3984,1.3007
8.4078,1.2772
8.4172,1.3028
8.4266,1.2954
8.4361,1.3360
8.4455,1.2839
8.4549,1.3211
8.4643,1.2980
8.4737,1.2992
8.4831,1.3135
8.4925,1.2758
8.5019,1.2753
8.5113,1.3235
8.5208,1.3140
8.5302,1.2871
8.5396,1.2656
8.5489,1.3071
8.5583,1.2879
8.5677,1.2946
8.5772,1.3209
8.5866,1.2841
8.5960,1.2910
8.6054,1.2628
8.6149,1.3218
8.6243,1.2656
8.6337,1.2677
8.6431,1.2939
8.6525,1.2733
8.6619,1.2814
8.6714,1.2698
8.6808,1.2785
8.6902,1.3087
8.6996,1.3109
8.7091,1.3344
8.7185,1.3171
8.7279,1.2601
8.7373,1.3140
8.7467,1.2813
8.7562,1.3005
8.7656,1.3089
8.7750,1.2827
8.7844,1.3387
8.7939,1.2816
8.8033,1.2749
8.8127,1.2962
8.8221,1.3125
8.8315,1.2959
8.8409,1.2910
8.8503,1.2794
8.8597,1.2912
8.8691,1.2759
8.8786,1.2439
8.8880,1.3395
8.8974,1.2820
8.9067,1.2859
8.9162,1.2874
8.9256,1.2741
8.9350,1.2806
8.9444,1.2920
8.9538,1.2799
8.9632,1.2895
8.9726,1.2977
8.9820,1.2867
8.9914,1.2950
9.0008,1.2901
9.0102,1.2755
9.0197,1.3103
9.0291,1.2657
9.0386,1.2893
9.0479,1.2444
9.0574,1.2603
9.0667,1.3254
9.0761,1.3480
9.0855,1.2639
9.0950,1.2897
9.1044,1.3204
9.1138,1.3031
9.1232,1.2476
9.1326,1.2897
9.1421,1.2929
9.1515,1.2584
9.1609,1.3174
9.1704,1.3186
9.1798,1.2357
9.1892,1.2685
9.1986,1.2553
9.2080,1.3190
9.2175,1.3207
9.2269,1.3068
9.2363,1.3034
9.2458,1.2745
9.2551,1.2823
9.2646,1.2980
9.2740,1.2703
9.2834,1.2610
9.2929,1.2968
9.3023,1.2252
9.3117,1.2547
9.3212,1.3298
9.3306,1.2917
9.3400,1.2693
9.3494,1.2918
9.3588,1.2989
9.3683,1.2455
9.3777,1.2882
9.3871,1.2653
9.3965,1.2805
9.4060,1.2244
9.4154,1.2871
9.4248,1.2755
9.4342,1.3101
9.4436,1.2483
9.4531,1.2742
9.4625,1.2914
9.4719,1.2599
9.4813,1.2803
9.4908,1.2718
9.5002,1.2942
9.5096,1.2705
9.5190,1.2651
9.5284,1.2535
9.5379,1.2740
9.5473,1.2933
9.5567,1.2967
9.5662,1.3186
9.5756,1.2093
9.5850,1.2853
9.5944,1.2920
9.6038,1.3403
9.6132,1.2420
9.6226,1.2802
9.6321,1.2432
9.6415,1.3140
9.6509,1.2471
9.6603,1.3141
9.6698,1.2894
9.6792,1.2688
9.6886,1.2790
9.6980,1.2583
9.7074,1.3004
9.7168,1.2522
9.7262,1.2936
9.7357,1.2502
9.7451,1.2910
9.7545,1.2632
9.7639,1.2740
9.7733,1.2560
9.7827,1.2553
9.7921,1.2983
9.8015,1.2689
9.8109,1.3141
9.8203,1.2683
9.8297,1.2840
9.8392,1.2840
9.8486,1.2187
9.8579,1.3077
9.8673,1.2492
9.8767,1.3125
9.8861,1.3195
9.8956,1.2841
9.9050,1.2696
9.9144,1.2487
9.9238,1.2600
9.9332,1.3016
9.9426,1.3207
9.9520,1.2621
9.9614,1.2944
9.9708,1.2562
9.9802,1.2822
9.9897,1.2604
9.9991,1.2578
10.0085,1.2663
10.0179,1.2889
10.0273,1.2936
10.0367,1.2706
10.0462,1.2806
10.0556,1.2714
10.0650,1.2490
10.0744,1.2883
10.0838,1.2989
10.0932,1.3037
10.1027,1.3020
10.1121,1.2685
10.1214,1.2484
10.1308,1.2884
10.1403,1.2915
10.1497,1.2767
10.1591,1.2703
10.1685,1.2737
10.1779,1.2698
10.1873,1.2964
10.1967,1.2733
10.2061,1.3008
10.2155,1.2729
10.2249,1.2578
10.2344,1.2948
10.2438,1.3144
10.2532,1.3152
10.2626,1.2875
10.2720,1.2778
10.2814,1.2538
10.2909,1.2705
10.3003,1.2751
10.3097,1.2798
10.3191,1.3177
10.3285,1.2149
10.3379,1.2633
10.3473,1.2422
10.3567,1.2396
10.3661,1.2962
10.3755,1.2756
10.3849,1.2352
10.3943,1.3075
10.4037,1.2694
10.4131,1.3032
10.4225,1.3024
10.4320,1.2664
10.4414,1.2510
10.4508,1.2567
10.4602,1.2586
10.4696,1.2730
10.4790,1.2568
10.4885,1.2712
10.4979,1.2767
10.5073,1.3263
10.5167,1.3031
10.5261,1.2779
10.5356,1.2732
10.5450,1.2689
10.5544,1.2617
10.5638,1.2904
10.5732,1.2855
10.5826,1.2765
10.5920,1.2589
10.6014,1.2793
10.6108,1.2597
10.6203,1.2989
10.6297,1.2922
10.6391,1.2528
10.6485,1.2749
10.6579,1.3098
10.6674,1.2903
10.6768,1.2576
10.6862,1.2355
10.6956,1.2995
10.7051,1.2663
10.7145,1.2569
10.7239,1.2278
10.7333,1.2659
10.7427,1.2561
10.7521,1.2615
10.7615,1.2670
10.7710,1.2654
10.7804,1.2425
10.7898,1.2771
10.7992,1.3114
10.8086,1.2805
10.8180,1.2844
10.8274,1.2929
10.8368,1.2485
10.8462,1.2748
10.8556,1.2642
10.8650,1.2397
10.8744,1.2472
10.8839,1.2446
10.8933,1.2917
10.9026,1.2228
10.9121,1.2556
10.9215,1.2785
10.9309,1.2553
10.9403,1.2762
10.9497,1.2953
10.9592,1.2820
10.9686,1.2701
10.9780,1.2528
10.9874,1.3106
10.9968,1.2717
11.0062,1.2563
11.0156,1.2932
11.0250,1.2467
11.0344,1.2722
11.0439,1.2606
11.0533,1.2322
11.0627,1.2859
11.0721,1.2748
11.0815,1.2785
11.0909,1.2455
11.1003,1.2857
11.1097,1.2509
11.1191,1.2687
11.1286,1.2671
11.1380,1.2303
11.1474,1.2359
11.1568,1.2270
11.1662,1.2672
11.1756,1.2351
11.1849,1.2758
11.1943,1.2847
11.2037,1.2243
11.2131,1.2445
11.2225,1.2473
11.2319,1.2839
11.2414,1.2583
11.2508,1.2515
11.2601,1.2602
11.2695,1.2245
11.2790,1.2232
11.2884,1.2464
11.2978,1.2644
11.3072,1.3140
11.3166,1.2671
11.3260,1.2352
11.3354,1.3188
11.3448,1.2612
11.3542,1.2420
11.3637,1.2556
11.3731,1.2733
11.3825,1.2750
11.3919,1.2248
11.4013,1.2244
11.4108,1.2371
11.4202,1.2622
11.4296,1.2561
11.4390,1.2729
11.4484,1.2551
11.4578,1.3073
11.4672,1.2820
11.4766,1.2436
11.4860,1.2765
11.4954,1.2501
11.5048,1.2362
11.5142,1.2965
11.5236,1.2433
11.5330,1.2598
11.5424,1.2350
11.5518,1.2932
11.5613,1.2459
11.5707,1.2182
11.5801,1.2406
11.5895,1.2626
11.5989,1.2942
11.6083,1.2489
11.6177,1.2656
11.6271,1.2697
11.6365,1.2718
11.6460,1.2903
11.6554,1.2713
11.6648,1.2487
11.6742,1.2781
11.6836,1.2464
11.6930,1.2506
11.7024,1.2671
11.7118,1.2735
11.7212,1.2280
11.7307,1.2420
11.7401,1.2729
11.7495,1.2437
11.7589,1.2254
11.7683,1.2853
11.7777,1.2336
11.7871,1.2808
11.7965,1.2588
11.8059,1.2741
11.8153,1.2626
11.8248,1.2447
11.8342,1.2298
11.8436,1.2692
11.8530,1.2412
11.8624,1.2913
11.8718,1.2741
11.8812,1.2539
11.8906,1.2746
11.9000,1.2809
11.9094,1.2322
11.9189,1.2301
11.9283,1.2612
11.9377,1.2236
11.9472,1.2954
11.9565,1.2395
11.9659,1.2753
11.9753,1.2893
11.9847,1.3096
11.9942,1.2783
12.0036,1.2209
12.0130,1.2554
12.0224,1.2714
12.0319,1.2474
12.0412,1.2373
12.0506,1.2512
12.0601,1.2471
12.0695,1.2367
12.0789,1.2510
12.0883,1.2140
12.0978,1.2652
12.1072,1.2576
12.1166,1.2690
12.1260,1.2906
12.1354,1.2597
12.1448,1.2612
12.1542,1.2440
12.1636,1.2311
12.1730,1.3075
12.1825,1.2507
12.1919,1.2981
12.2013,1.2138
12.2107,1.2379
12.2201,1.2892
12.2295,1.2582
12.2389,1.2659
12.2483,1.2287
12.2578,1.2346
12.2672,1.2361
12.2766,1.2498
12.2860,1.2627
12.2954,1.2471
12.3048,1.2238
12.3142,1.2663
12.3236,1.2963
12.3331,1.2343
12.3425,1.2712
12.3519,1.2795
12.3613,1.2510
12.3707,1.2900
12.3802,1.2834
12.3896,1.2703
12.3990,1.2660
12.4083,1.2638
12.4178,1.2687
12.4272,1.2452
12.4366,1.2435
12.4461,1.2661
12.4555,1.2218
12.4649,1.2630
12.4743,1.2766
12.4837,1.2731
12.4931,1.2851
12.5025,1.2750
12.5120,1.2551
12.5214,1.2636
12.5308,1.3255
12.5402,1.2797
12.5496,1.2661
12.5590,1.2700
12.5684,1.2675
12.5778,1.3040
12.5872,1.2474
12.5967,1.2585
12.6061,1.2283
12.6155,1.2834
12.6250,1.2956
12.6344,1.2391
12.6438,1.2072
12.6532,1.2782
12.6626,1.2782
12.6720,1.2729
12.6814,1.2172
12.6909,1.2452
12.7003,1.2815
12.7097,1.2732
12.7192,1.2610
12.7286,1.2525
12.7380,1.2870
12.7474,1.2539
12.7568,1.2196
12.7662,1.2986
12.7756,1.2736
12.7850,1.2020
12.7945,1.2873
12.8039,1.2614
12.8133,1.2902
12.8228,1.2411
12.8322,1.2240
12.8416,1.2414
12.8510,1.2777
12.8604,1.2683
12.8698,1.2042
12.8793,1.2440
12.8887,1.2718
12.8981,1.2635
12.9075,1.2704
12.9170,1.2482
12.9264,1.2428
12.9357,1.2430
12.9452,1.2404
12.9546,1.2504
12.9640,1.2094
12.9734,1.2891
12.9829,1.2112
12.9923,1.2865
13.0017,1.2063
13.0111,1.2441
13.0205,1.2480
13.0299,1.2331
13.0393,1.2790
13.0487,1.2370
13.0581,1.2331
13.0675,1.1927
13.0769,1.2829
13.0863,1.2206
13.0957,1.2935
13.1051,1.2638
13.1145,1.2434
13.1239,1.2467
13.1333,1.2710
13.1427,1.2279
13.1521,1.2752
13.1616,1.2422
13.1710,1.2643
13.1804,1.2663
13.1898,1.2713
13.1991,1.2871
13.2086,1.2279
13.2180,1.2490
13.2274,1.2806
13.2368,1.2607
13.2462,1.2590
13.2556,1.2471
13.2650,1.2059
13.2743,1.2481
13.2837,1.2508
13.2931,1.2956
13.3025,1.2735
13.3120,1.2280
13.3214,1.2155
13.3308,1.2572
13.3402,1.2300
13.3496,1.2649
13.3589,1.2318
13.3683,1.2670
13.3777,1.2531
13.3872,1.2463
13.3966,1.2383
13.4060,1.2896
13.4154,1.2820
13.4248,1.2811
13.4343,1.2519
13.4437,1.2227
13.4531,1.2926
13.4625,1.2336
13.4719,1.2225
13.4812,1.2334
13.4906,1.2828
13.5000,1.2582
13.5095,1.2182
13.5188,1.2552
13.5282,1.2385
13.5376,1.2209
13.5470,1.2283
13.5564,1.2633
13.5658,1.2379
13.5752,1.2128
13.5846,1.2301
13.5940,1.2520
13.6034,1.2259
13.6129,1.2352
13.6223,1.2687
13.6317,1.2947
13.6411,1.2562
13.6505,1.2360
13.6599,1.2293
13.6694,1.3166
13.6788,1.2799
13.6882,1.2451
13.6977,1.2437
13.7071,1.2272
13.7165,1.2423
13.7259,1.2195
13.7353,1.2294
13.7448,1.2837
13.7542,1.3255
13.7636,1.2227
13.7730,1.2514
13.7825,1.1969
13.7919,1.2228
13.8012,1.2094
13.8106,1.2501
13.8201,1.2611
13.8295,1.2396
13.8389,1.2303
13.8483,1.2416
13.8578,1.2505
13.8672,1.2582
13.8766,1.1921
13.8860,1.2496
13.8954,1.2137
13.9048,1.2667
13.9142,1.2638
13.9236,1.2720
13.9330,1.2288
13.9424,1.2434
13.9519,1.2492
13.9613,1.2485
13.9707,1.2424
13.9801,1.2657
13.9895,1.2465
13.9989,1.2633
14.0083,1.2527
14.0178,1.2216
14.0272,1.1988
14.0366,1.2476
14.0459,1.2654
14.0553,1.2588
14.0648,1.2369
14.0741,1.2380
14.0835,1.2282
14.0929,1.2437
14.1023,1.2708
14.1117,1.2355
14.1211,1.2986
14.1305,1.2614
14.1399,1.2402
14.1493,1.2294
14.1587,1.2577
14.1681,1.2689
14.1775,1.2248
14.1869,1.2677
14.1963,1.2684
14.2057,1.2605
14.2151,1.2419
14.2245,1.2566
14.2339,1.2430
14.2433,1.2233
14.2526,1.2278
14.2621,1.2022
14.2715,1.2944
14.2809,1.2445
14.2903,1.2273
14.2997,1.2606
14.3091,1.2487
14.3185,1.2503
14.3279,1.2144
14.3373,1.2550
14.3467,1.2354
14.3561,1.2547
14.3655,1.2391
14.3749,1.2488
14.3843,1.2255
14.3937,1.2616
14.4032,1.2640
14.4126,1.2485
14.4220,1.2496
14.4314,1.2413
14.4408,1.2253
14.4502,1.2854
14.4596,1.2523
14.4690,1.2565
14.4784,1.2525
14.4879,1.2417
14.4973,1.2708
14.5067,1.2796
14.5160,1.2516
14.5254,1.2204
14.5348,1.2192
14.5442,1.2701
14.5537,1.2412
14.5631,1.2662
14.5725,1.2548
14.5819,1.2208
14.5912,1.2408
14.6006,1.2530
14.6100,1.2412
14.6195,1.2322
14.6289,1.2374
14.6383,1.2175
14.6478,1.2913
14.6572,1.1926
14.6666,1.2172
14.6760,1.2276
14.6854,1.2958
14.6948,1.2809
14.7042,1.1903
14.7137,1.2679
14.7231,1.2409
14.7325,1.2381
14.7419,1.2436
14.7513,1.2253
14.7607,1.2136
14.7701,1.2233
14.7795,1.2634
14.7890,1.2954
14.7984,1.2342
14.8078,1.2326
14.8172,1.2379
14.8266,1.2679
14.8361,1.2365
14.8455,1.2357
14.8549,1.2111
14.8643,1.2607
14.8737,1.2416
14.8831,1.2688
14.8925,1.2162
14.9020,1.2303
14.9114,1.2734
14.9208,1.2713
14.9303,1.2680
14.9396,1.2378
14.9490,1.2024
14.9584,1.2267
14.9678,1.2719
14.9772,1.2225
14.9866,1.2425
14.9960,1.2525
15.0054,1.2379
15.0148,1.2012
15.0242,1.2020
15.0336,1.2396
15.0430,1.2638
15.0524,1.2583
15.0618,1.2392
15.0712,1.2726
15.0806,1.2426
15.0900,1.1900
15.0995,1.2069
15.1089,1.2777
15.1183,1.2554
15.1277,1.2301
15.1371,1.2735
15.1466,1.2090
15.1560,1.2647
15.1654,1.2348
15.1748,1.2503
15.1842,1.2192
15.1936,1.2220
15.2030,1.2309
15.2124,1.2461
15.2218,1.2374
15.2312,1.2510
15.2407,1.2198
15.2501,1.2086
15.2595,1.2662
15.2689,1.1962
15.2783,1.2732
15.2877,1.2698
15.2971,1.2608
15.3065,1.2573
15.3159,1.2698
15.3253,1.2230
15.3347,1.2110
15.3441,1.2314
15.3535,1.2398
15.3629,1.2474
15.3723,1.2565
15.3816,1.1947
15.3910,1.2719
15.4004,1.2309
15.4098,1.2622
15.4192,1.2033
15.4286,1.2357
15.4380,1.2489
15.4474,1.2395
15.4568,1.2282
15.4662,1.2232
15.4756,1.2703
15.4850,1.2112
15.4944,1.2275
15.5038,1.2502
15.5133,1.2139
15.5227,1.2325
15.5321,1.2142
15.5414,1.2049
15.5508,1.2362
15.5602,1.2366
15.5696,1.2313
15.5790,1.2423
15.5884,1.2367
15.5978,1.2590
15.6072,1.2370
15.6166,1.2564
15.6260,1.2625
15.6354,1.2511
15.6448,1.2686
15.6542,1.2338
15.6636,1.2407
15.6730,1.2208
15.6825,1.2583
15.6919,1.2668
15.7013,1.2191
15.7107,1.2505
15.7201,1.2975
15.7295,1.2171
15.7389,1.2169
15.7483,1.2358
15.7578,1.2258
15.7672,1.2514
15.7766,1.2499
15.7860,1.2156
15.7954,1.2136
15.8048,1.2839
15.8142,1.2378
15.8236,1.2678
15.8330,1.1828
15.8424,1.2525
15.8518,1.2152
15.8612,1.2613
15.8706,1.2100
15.8800,1.2411
15.8894,1.2147
15.8988,1.1927
15.9082,1.1958
15.9176,1.2219
15.9270,1.2471
15.9364,1.2233
15.9458,1.2527
15.9551,1.2420
15.9645,1.2708
15.9738,1.2309
15.9831,1.2107
15.9924,1.2199
16.0018,1.2191
16.0113,1.2743
16.0207,1.2114
16.0300,1.2291
16.0394,1.2339
16.0488,1.2278
16.0582,1.2262
16.0676,1.2261
16.0769,1.2243
16.0863,1.1915
16.0956,1.2975
16.1049,1.2116
16.1142,1.2709
16.1236,1.2229
16.1329,1.2259
16.1423,1.2258
16.1517,1.2085
16.1611,1.2133
16.1705,1.1991
16.1798,1.2476
16.1892,1.2631
16.1986,1.2679
16.2080,1.2114
16.2173,1.2346
16.2267,1.2317
16.2361,1.2092
16.2455,1.2034
16.2548,1.2324
16.2642,1.2360
16.2736,1.2116
16.2830,1.2137
16.2924,1.2472
16.3018,1.2297
16.3112,1.2487
16.3205,1.2138
16.3299,1.2498
16.3393,1.2632
16.3487,1.2404
16.3581,1.2460
16.3675,1.2214
16.3769,1.2224
16.3863,1.2301
16.3956,1.2403
16.4050,1.2263
16.4144,1.2733
16.4238,1.2746
16.4332,1.2068
16.4426,1.2117
16.4520,1.2178
16.4614,1.2362
16.4709,1.2292
16.4802,1.2461
16.4896,1.2258
16.4991,1.2289
16.5084,1.2460
16.5179,1.2144
16.5271,1.2277
16.5364,1.2052
16.5458,1.2315
16.5551,1.2206
16.5645,1.2258
16.5739,1.2427
16.5833,1.2372
16.5927,1.2201
16.6020,1.2476
16.6114,1.2174
16.6208,1.2318
16.6302,1.2407
16.6396,1.2537
16.6490,1.2374
16.6584,1.2278
16.6678,1.2178
16.6772,1.2522
16.6865,1.2169
16.6959,1.2336
16.7053,1.1935
16.7147,1.2286
16.7241,1.2100
16.7335,1.1956
16.7428,1.2269
16.7522,1.2032
16.7616,1.2359
16.7710,1.2358
16.7805,1.2064
16.7899,1.2336
16.7993,1.2519
16.8086,1.2346
16.8180,1.2866
16.8275,1.2296
16.8369,1.1981
16.8463,1.2515
16.8557,1.2005
16.8651,1.2275
16.8745,1.2668
16.8839,1.2101
16.8932,1.2347
16.9026,1.2681
16.9121,1.2885
16.9215,1.2317
16.9308,1.2239
16.9402,1.2364
16.9496,1.2164
16.9590,1.2265
16.9684,1.2214
16.9778,1.2469
16.9872,1.1970
16.9966,1.2341
17.0060,1.2167
17.0154,1.2489
17.0248,1.2309
17.0342,1.2431
17.0436,1.2196
17.0529,1.2306
17.0623,1.2198
17.0718,1.2018
17.0812,1.2580
17.0906,1.2956
17.0999,1.1925
17.1093,1.2382
17.1187,1.2569
17.1281,1.2176
17.1374,1.2225
17.1469,1.2397
17.1563,1.2254
17.1657,1.2354
17.1751,1.1996
17.1844,1.2759
17.1938,1.1855
17.2032,1.2287
17.2126,1.2264
17.2220,1.2532
17.2314,1.2438
17.2408,1.2177
17.2502,1.2481
17.2596,1.2280
17.2689,1.2408
17.2783,1.2241
17.2877,1.2295
17.2970,1.2419
17.3064,1.2376
17.3158,1.2253
17.3252,1.2464
17.3346,1.2089
17.3440,1.2779
17.3534,1.2530
17.3628,1.1908
17.3721,1.2093
17.3815,1.2247
17.3908,1.2220
17.4002,1.2222
17.4096,1.2307
17.4190,1.2153
17.4284,1.2842
17.4378,1.1995
17.4472,1.2239
17.4565,1.2119
17.4659,1.2205
17.4753,1.2218
17.4847,1.1885
17.4941,1.2328
17.5034,1.2177
17.5128,1.2433
17.5222,1.2231
17.5316,1.2496
17.5411,1.2126
17.5505,1.2253
17.5599,1.2288
17.5693,1.2143
17.5787,1.1949
17.5881,1.2664
17.5975,1.2295
17.6069,1.2529
17.6163,1.2523
17.6257,1.2454
17.6351,1.2385
17.6445,1.2778
17.6540,1.2508
17.6634,1.2085
17.6728,1.1980
17.6822,1.2249
17.6916,1.2455
17.7010,1.2031
17.7104,1.2216
17.7198,1.2381
17.7292,1.2119
17.7386,1.2579
17.7480,1.2010
17.7574,1.2240
17.7668,1.2351
17.7761,1.2128
17.7855,1.2614
17.7949,1.2570
17.8044,1.2331
17.8138,1.2176
17.8232,1.2269
17.8326,1.2301
17.8420,1.2489
17.8514,1.2573
17.8608,1.2146
17.8702,1.2177
17.8796,1.2314
17.8890,1.2611
17.8984,1.2192
17.9078,1.2178
17.9172,1.2301
17.9266,1.2055
17.9360,1.2564
17.9455,1.2037
17.9549,1.2535
17.9642,1.2004
17.9736,1.2322
17.9830,1.2302
17.9924,1.2340
18.0018,1.2623
18.0112,1.2279
18.0205,1.2551
18.0299,1.1961
18.0393,1.2144
18.0486,1.1915
18.0580,1.2485
18.0674,1.2541
18.0768,1.2659
18.0862,1.2450
18.0956,1.2128
18.1051,1.1935
18.1144,1.2337
18.1238,1.1756
18.1332,1.2222
18.1426,1.2001
18.1520,1.2165
18.1613,1.2353
18.1707,1.2081
18.1800,1.1956
18.1894,1.1872
18.1988,1.2325
18.2081,1.2528
18.2175,1.1998
18.2269,1.2263
18.2362,1.2088
18.2456,1.2265
18.2550,1.2136
18.2643,1.2029
18.2737,1.2550
18.2831,1.2409
18.2925,1.2630
18.3019,1.1820
18.3112,1.2149
18.3206,1.1848
18.3301,1.2767
18.3394,1.1878
18.3488,1.2487
18.3582,1.2435
18.3676,1.2415
18.3770,1.2236
18.3863,1.1983
18.3957,1.2426
18.4051,1.2079
18.4145,1.2309
18.4239,1.2251
18.4332,1.2089
18.4426,1.2254
18.4520,1.2039
18.4614,1.2069
18.4707,1.2133
18.4801,1.2301
18.4895,1.2680
18.4989,1.1950
18.5082,1.2195
18.5176,1.2300
18.5270,1.2149
18.5364,1.1982
18.5458,1.2653
18.5552,1.1972
18.5645,1.2299
18.5739,1.2112
18.5833,1.2188
18.5927,1.2510
18.6021,1.2631
18.6114,1.2338
18.6208,1.2132
18.6302,1.2380
18.6396,1.2322
18.6489,1.2268
18.6583,1.2154
18.6677,1.2415
18.6770,1.2330
18.6864,1.1980
18.6959,1.1904
18.7052,1.2544
18.7146,1.2002
18.7240,1.2116
18.7334,1.2257
18.7428,1.2251
18.7522,1.2211
18.7615,1.2334
18.7709,1.2128
18.7803,1.2401
18.7897,1.2367
18.7991,1.2277
18.8084,1.1905
18.8178,1.2043
18.8272,1.1963
18.8366,1.2183
18.8460,1.2497
18.8553,1.2392
18.8647,1.2236
18.8741,1.2299
18.8835,1.2310
18.8929,1.2088
18.9022,1.1941
18.9116,1.2282
18.9210,1.2265
18.9304,1.2146
18.9398,1.2767
18.9491,1.2201
18.9585,1.2137
18.9678,1.2262
18.9772,1.2172
18.9866,1.2555
18.9960,1.2316
19.0053,1.2009
19.0147,1.2072
19.0241,1.1842
19.0334,1.2248
19.0428,1.1835
19.0522,1.1954
19.0616,1.2210
19.0709,1.2115
19.0803,1.2470
19.0896,1.1661
19.0990,1.2079
19.1085,1.2588
19.1178,1.2387
19.1273,1.1989
19.1366,1.2188
19.1460,1.2153
19.1554,1.2338
19.1647,1.2331
19.1741,1.2006
19.1835,1.2489
19.1929,1.2236
19.2022,1.1961
19.2116,1.2072
19.2210,1.2318
19.2303,1.2099
19.2397,1.2234
19.2491,1.1998
19.2584,1.2438
19.2678,1.1940
19.2773,1.2013
19.2866,1.2207
19.2960,1.2206
19.3054,1.2202
19.3148,1.2214
19.3242,1.2293
19.3335,1.1925
19.3430,1.1861
19.3523,1.2045
19.3617,1.2399
19.3710,1.1757
19.3804,1.1665
19.3898,1.2343
19.3992,1.2308
19.4085,1.2046
19.4179,1.2275
19.4273,1.1844
19.4366,1.2215
19.4460,1.2002
19.4554,1.2321
19.4647,1.2165
19.4741,1.2001
19.4835,1.2140
19.4928,1.2093
19.5022,1.2058
19.5116,1.2454
19.5210,1.1876
19.5304,1.1977
19.5397,1.2048
19.5491,1.2009
19.5584,1.2072
19.5678,1.2169
19.5772,1.2215
19.5866,1.2453
19.5960,1.2497
19.6054,1.2053
19.6148,1.1539
19.6242,1.2116
19.6337,1.2503
19.6430,1.2375
19.6524,1.2056
19.6619,1.2341
19.6713,1.2425
19.6807,1.2389
19.6901,1.2107
19.6996,1.2052
19.7090,1.2180
19.7184,1.2516
19.7278,1.1833
19.7372,1.2310
19.7466,1.1821
19.7561,1.1924
19.7655,1.2348
19.7749,1.2222
19.7843,1.1819
19.7937,1.2193
19.8031,1.2390
19.8125,1.2156
19.8219,1.2340
19.8313,1.2138
19.8407,1.1903
19.8502,1.2170
19.8596,1.2665
19.8690,1.2503
19.8784,1.2065
19.8878,1.2389
19.8973,1.1935
19.9067,1.1875
19.9160,1.2499
19.9255,1.2035
19.9349,1.1951
19.9443,1.2256
19.9537,1.2144
19.9631,1.1988
19.9725,1.2540
19.9819,1.2184
19.9913,1.1664
20.0007,1.1944
20.0100,1.2317
20.0194,1.1920
20.0289,1.2261
20.0382,1.2114
20.0476,1.2107
20.0571,1.2191
20.0665,1.2039
20.0759,1.2245
20.0853,1.2104
20.0947,1.2074
20.1041,1.1770
20.1135,1.1967
20.1229,1.1865
20.1323,1.2307
20.1418,1.2433
20.1512,1.2022
20.1606,1.2399
20.1700,1.2251
20.1794,1.1897
20.1889,1.2110
20.1983,1.2168
20.2077,1.1825
20.2172,1.2139
20.2266,1.2013
20.2360,1.2459
20.2454,1.2411
20.2548,1.2000
20.2642,1.2018
20.2737,1.2293
20.2831,1.2098
20.2925,1.2178
20.3018,1.2071
20.3112,1.2081
20.3206,1.2052
20.3300,1.2520
20.3394,1.1953
20.3488,1.1755
20.3582,1.2116
20.3675,1.2120
20.3769,1.2001
20.3863,1.2349
20.3958,1.2283
20.4052,1.2133
20.4146,1.2385
20.4240,1.2005
20.4334,1.2137
20.4429,1.2077
20.4522,1.1917
20.4616,1.2338
20.4710,1.2179
20.4804,1.2021
20.4899,1.2230
20.4993,1.1967
20.5087,1.2260
20.5181,1.1975
20.5275,1.2163
20.5368,1.2254
20.5462,1.2052
20.5557,1.2119
20.5651,1.2051
20.5744,1.2031
20.5839,1.2307
20.5933,1.1992
20.6027,1.1830
20.6121,1.1754
20.6215,1.1844
20.6309,1.1994
20.6403,1.1906
20.6497,1.2087
20.6591,1.2591
20.6685,1.2221
20.6779,1.2034
20.6873,1.2108
20.6967,1.2105
20.7061,1.1869
20.7154,1.2017
20.7248,1.1845
20.7342,1.1977
20.7435,1.2332
20.7529,1.2492
20.7623,1.2603
20.7716,1.1884
20.7810,1.1974
20.7903,1.2216
20.7997,1.1921
20.8091,1.1698
20.8184,1.1942
20.8278,1.2150
20.8371,1.2189
20.8465,1.2142
20.8559,1.2455
20.8653,1.2032
20.8746,1.1780
20.8840,1.2156
20.8933,1.2425
20.9027,1.2167
20.9121,1.2159
20.9214,1.1981
20.9308,1.2062
20.9402,1.2055
20.9497,1.2226
20.9590,1.2182
20.9684,1.2147
20.9778,1.2024
20.9872,1.2236
20.9966,1.2310
21.0059,1.2052
21.0153,1.2296
21.0247,1.2349
21.0341,1.2064
21.0434,1.2065
21.0528,1.1902
21.0622,1.1909
21.0716,1.2046
21.0810,1.1918
21.0903,1.2177
21.0997,1.1798
21.1091,1.2017
21.1185,1.1887
21.1279,1.2377
21.1372,1.1885
21.1466,1.2266
21.1560,1.1874
21.1654,1.2291
21.1748,1.2457
21.1842,1.2370
21.1935,1.2223
21.2029,1.1942
21.2123,1.2550
21.2217,1.2107
21.2311,1.2377
21.2404,1.1774
21.2498,1.1822
21.2592,1.2267
21.2686,1.1854
21.2780,1.1815
21.2873,1.1952
21.2967,1.2191
21.3061,1.1964
21.3154,1.2193
21.3248,1.2272
21.3342,1.2156
21.3436,1.2521
21.3530,1.1791
21.3624,1.2201
21.3717,1.1989
21.3811,1.2135
21.3906,1.2040
21.3999,1.1715
21.4093,1.1854
21.4187,1.1989
21.4281,1.2342
21.4375,1.1789
21.4469,1.2033
21.4563,1.2128
21.4657,1.2025
21.4750,1.2011
21.4844,1.1895
21.4938,1.2086
21.5032,1.2138
21.5126,1.2058
21.5219,1.1908
21.5313,1.1977
21.5407,1.2352
21.5501,1.2082
21.5595,1.1877
21.5689,1.1813
21.5783,1.2259
21.5877,1.2130
21.5970,1.2116
21.6064,1.1481
21.6158,1.1972
21.6251,1.2318
21.6345,1.1976
21.6438,1.1939
21.6533,1.2039
21.6626,1.2103
21.6720,1.2039
21.6814,1.2299
21.6908,1.2293
21.7002,1.2496
21.7096,1.1931
21.7190,1.1907
21.7284,1.1681
21.7377,1.2000
21.7470,1.2010
21.7564,1.2266
21.7657,1.2080
21.7750,1.1964
21.7844,1.2426
21.7937,1.2242
21.8031,1.2317
21.8125,1.2043
21.8219,1.2163
21.8313,1.2070
21.8407,1.2199
21.8501,1.2242
21.8595,1.2225
21.8689,1.1974
21.8783,1.1724
21.8877,1.2002
21.8971,1.1561
21.9065,1.1924
21.9159,1.2306
21.9252,1.2021
21.9347,1.1836
21.9441,1.2000
21.9535,1.2267
21.9629,1.2279
21.9723,1.1951
21.9817,1.2506
21.9911,1.2145
22.0005,1.1989
22.0099,1.2202
22.0193,1.1941
22.0287,1.1964
22.0381,1.1822
22.0475,1.2673
22.0569,1.1919
22.0663,1.1680
22.0757,1.2394
22.0851,1.1986
22.0944,1.1910
22.1038,1.2134
22.1132,1.2260
22.1227,1.1694
22.1321,1.2137
22.1415,1.2118
22.1509,1.1928
22.1603,1.2004
22.1697,1.1989
22.1790,1.1967
22.1884,1.1960
22.1977,1.1737
22.2071,1.2122
22.2165,1.1822
22.2258,1.2061
22.2352,1.1818
22.2445,1.1980
22.2539,1.2451
22.2632,1.1489
22.2725,1.2031
22.2819,1.2292
22.2913,1.2111
22.3007,1.1781
22.3100,1.2086
22.3194,1.2177
22.3288,1.1918
22.3381,1.1870
22.3475,1.1710
22.3568,1.2100
22.3662,1.1950
22.3756,1.1883
22.3850,1.2056
22.3943,1.2201
22.4037,1.2292
22.4131,1.2166
22.4224,1.2067
22.4318,1.1900
22.4412,1.2025
22.4505,1.1854
22.4599,1.1900
22.4692,1.1731
22.4786,1.2300
22.4880,1.2382
22.4973,1.1903
22.5067,1.1866
22.5160,1.1849
22.5253,1.2046
22.5347,1.1951
22.5440,1.1888
22.5534,1.2039
22.5627,1.1893
22.5721,1.2017
22.5814,1.2329
22.5908,1.2329
22.6002,1.2303
22.6096,1.1831
22.6190,1.1754
22.6284,1.2002
22.6378,1.1603
22.6471,1.1910
22.6565,1.2286
22.6658,1.2009
22.6752,1.2330
22.6845,1.2232
22.6938,1.2212
22.7032,1.1468
22.7126,1.2213
22.7219,1.1652
22.7313,1.2118
22.7406,1.2462
22.7500,1.2052
22.7593,1.2364
22.7687,1.1675
22.7780,1.2181
22.7873,1.2007
22.7966,1.1888
22.8060,1.1907
22.8153,1.1607
22.8247,1.1989
22.8340,1.2007
22.8434,1.1621
22.8527,1.1994
22.8620,1.2149
22.8713,1.2099
22.8807,1.1924
22.8900,1.1958
22.8993,1.1541
22.9087,1.2347
22.9180,1.2515
22.9274,1.2040
22.9368,1.2110
22.9461,1.2296
22.9554,1.1911
22.9648,1.2034
22.9741,1.1912
22.9835,1.1924
22.9928,1.1953
23.0022,1.1780
23.0115,1.1844
23.0209,1.1854
23.0302,1.1992
23.0395,1.2014
23.0489,1.1914
23.0582,1.1984
23.0676,1.2151
23.0769,1.1760
23.0862,1.2302
23.0956,1.2330
23.1049,1.2151
23.1142,1.1953
23.1236,1.2237
23.1329,1.2122
23.1423,1.2179
23.1516,1.2007
23.1609,1.1872
23.1703,1.1802
23.1796,1.1999
23.1890,1.2333
23.1983,1.2203
23.2077,1.1726
23.2170,1.1900
23.2263,1.2262
23.2356,1.1857
23.2450,1.2178
23.2543,1.1739
23.2637,1.1827
23.2730,1.1734
23.2823,1.1996
23.2916,1.2864
23.3010,1.2195
23.3103,1.2058
23.3196,1.1958
23.3289,1.1967
23.3383,1.2276
23.3476,1.1873
23.3569,1.1639
23.3663,1.2306
23.3756,1.1819
23.3850,1.1828
23.3943,1.2242
23.4036,1.1917
23.4129,1.2009
23.4223,1.2089
23.4316,1.2624
23.4410,1.2222
23.4503,1.1971
23.4596,1.1716
23.4689,1.2311
23.4783,1.1852
23.4876,1.2118
23.4969,1.1896
23.5062,1.1947
23.5156,1.2109
23.5249,1.2035
23.5342,1.2189
23.5436,1.1802
23.5529,1.1642
23.5622,1.2028
23.5715,1.1879
23.5808,1.1836
23.5902,1.2302
23.5995,1.2168
23.6089,1.2182
23.6182,1.2244
23.6275,1.1876
23.6368,1.1933
23.6462,1.2046
23.6555,1.2171
23.6648,1.1735
23.6741,1.1822
23.6834,1.1838
23.6928,1.1917
23.7022,1.2114
23.7115,1.1792
23.7208,1.1580
23.7302,1.2109
23.7395,1.1657
23.7488,1.1982
23.7581,1.1829
23.7675,1.2176
23.7768,1.2124
23.7861,1.1832
23.7955,1.1963
23.8048,1.2122
23.8142,1.1905
23.8235,1.2293
23.8328,1.1422
23.8421,1.2347
23.8514,1.2189
23.8608,1.2346
23.8701,1.1828
23.8794,1.1506
23.8888,1.2044
23.8981,1.2030
23.9074,1.1495
23.9168,1.1865
23.9261,1.2121
23.9354,1.1834
23.9448,1.1751
23.9541,1.2077
23.9634,1.1628
23.9728,1.1785
23.9821,1.2187
23.9914,1.1839
24.0007,1.1909
24.0100,1.1573
24.0193,1.1712
24.0287,1.2086
24.0380,1.1688
24.0473,1.2093
24.0567,1.2048
24.0660,1.1968
24.0753,1.1970
24.0846,1.1997
24.0939,1.2194
24.1032,1.1945
24.1126,1.2289
24.1219,1.2090
24.1313,1.2377
24.1406,1.1653
24.1499,1.1911
24.1593,1.1998
24.1686,1.1903
24.1779,1.2075
24.1872,1.2030
24.1965,1.1881
24.2059,1.2055
24.2152,1.1949
24.2245,1.2004
24.2339,1.2217
24.2432,1.2127
24.2526,1.2178
24.2619,1.2299
24.2712,1.2018
24.2805,1.2028
24.2899,1.2223
24.2992,1.2089
24.3086,1.2069
24.3179,1.1998
24.3273,1.2002
24.3367,1.1958
24.3460,1.2117
24.3554,1.1810
24.3647,1.2142
24.3740,1.1937
24.3834,1.1741
24.3928,1.1727
24.4021,1.1697
24.4115,1.1926
24.4208,1.2041
24.4302,1.2142
24.4395,1.1961
24.4488,1.1799
24.4582,1.1881
24.4675,1.1631
24.4769,1.1772
24.4862,1.1953
24.4956,1.2056
24.5050,1.1722
24.5143,1.1797
24.5236,1.1683
24.5330,1.2004
24.5423,1.1746
24.5517,1.1856
24.5610,1.1950
24.5704,1.2025
24.5797,1.1823
24.5890,1.2238
24.5984,1.2307
24.6077,1.1695
24.6171,1.1673
24.6264,1.1990
24.6358,1.2121
24.6451,1.1921
24.6545,1.1890
24.6639,1.2223
24.6732,1.2212
24.6825,1.1863
24.6919,1.2333
24.7012,1.2370
24.7105,1.2091
24.7199,1.1931
24.7292,1.2448
24.7385,1.1831
24.7479,1.2383
24.7572,1.1578
24.7665,1.2337
24.7759,1.1899
24.7852,1.1958
24.7945,1.1937
24.8038,1.1950
24.8132,1.2054
24.8225,1.1977
24.8318,1.2115
24.8412,1.2166
24.8505,1.2203
24.8598,1.1827
24.8691,1.1963
24.8784,1.1729
24.8877,1.2068
24.8970,1.1632
24.9063,1.2101
24.9157,1.2305
24.9250,1.1904
24.9343,1.1813
24.9437,1.1568
24.9530,1.1836
24.9623,1.1612
24.9716,1.1599
24.9810,1.1978
24.9903,1.1584
24.9997,1.1675
