variante,frase,palabra,peso,dispersion
alto,El vaso no cabía en el cajón porque era demasiado alto.,el,0.604349,0.498636
alto,El vaso no cabía en el cajón porque era demasiado alto.,vaso,0.011671,0.498636
alto,El vaso no cabía en el cajón porque era demasiado alto.,no,0.006273,0.498636
alto,El vaso no cabía en el cajón porque era demasiado alto.,cabía,0.008986,0.498636
alto,El vaso no cabía en el cajón porque era demasiado alto.,en,0.013874,0.498636
alto,El vaso no cabía en el cajón porque era demasiado alto.,el,0.022969,0.498636
alto,El vaso no cabía en el cajón porque era demasiado alto.,cajón,0.006918,0.498636
alto,El vaso no cabía en el cajón porque era demasiado alto.,porque,0.035188,0.498636
alto,El vaso no cabía en el cajón porque era demasiado alto.,era,0.021702,0.498636
alto,El vaso no cabía en el cajón porque era demasiado alto.,demasiado,0.006602,0.498636
alto,El vaso no cabía en el cajón porque era demasiado alto.,alto,0.261468,0.498636
bajo,El vaso no cabía en el cajón porque era demasiado bajo.,el,0.601955,0.495970
bajo,El vaso no cabía en el cajón porque era demasiado bajo.,vaso,0.011986,0.495970
bajo,El vaso no cabía en el cajón porque era demasiado bajo.,no,0.005927,0.495970
bajo,El vaso no cabía en el cajón porque era demasiado bajo.,cabía,0.008495,0.495970
bajo,El vaso no cabía en el cajón porque era demasiado bajo.,en,0.013703,0.495970
bajo,El vaso no cabía en el cajón porque era demasiado bajo.,el,0.023153,0.495970
bajo,El vaso no cabía en el cajón porque era demasiado bajo.,cajón,0.007391,0.495970
bajo,El vaso no cabía en el cajón porque era demasiado bajo.,porque,0.033387,0.495970
bajo,El vaso no cabía en el cajón porque era demasiado bajo.,era,0.020916,0.495970
bajo,El vaso no cabía en el cajón porque era demasiado bajo.,demasiado,0.005971,0.495970
bajo,El vaso no cabía en el cajón porque era demasiado bajo.,bajo,0.267116,0.495970
caro,El vaso no cabía en el cajón porque era demasiado caro.,el,0.608293,0.491134
caro,El vaso no cabía en el cajón porque era demasiado caro.,vaso,0.011206,0.491134
caro,El vaso no cabía en el cajón porque era demasiado caro.,no,0.006139,0.491134
caro,El vaso no cabía en el cajón porque era demasiado caro.,cabía,0.008630,0.491134
caro,El vaso no cabía en el cajón porque era demasiado caro.,en,0.013594,0.491134
caro,El vaso no cabía en el cajón porque era demasiado caro.,el,0.021536,0.491134
caro,El vaso no cabía en el cajón porque era demasiado caro.,cajón,0.006020,0.491134
caro,El vaso no cabía en el cajón porque era demasiado caro.,porque,0.035319,0.491134
caro,El vaso no cabía en el cajón porque era demasiado caro.,era,0.020705,0.491134
caro,El vaso no cabía en el cajón porque era demasiado caro.,demasiado,0.006176,0.491134
caro,El vaso no cabía en el cajón porque era demasiado caro.,caro,0.262383,0.491134
