tamaño,columna,clave,a,b,c
500M,en crudo,siguiente_palabra, la,0.1758
500M,en crudo,siguiente_palabra, una,0.1286
500M,en crudo,siguiente_palabra, un,0.1208
500M,en crudo,siguiente_palabra, el,0.0733
500M,en crudo,siguiente_palabra, conoc,0.0504
500M,en crudo,siguiente_palabra, uno,0.0369
500M,"adiestrado, enunciado tal cual",siguiente_palabra, la,0.1868
500M,"adiestrado, enunciado tal cual",siguiente_palabra, una,0.0939
500M,"adiestrado, enunciado tal cual",siguiente_palabra, el,0.0882
500M,"adiestrado, enunciado tal cual",siguiente_palabra, un,0.0829
500M,"adiestrado, enunciado tal cual",siguiente_palabra, conoc,0.0346
500M,"adiestrado, enunciado tal cual",siguiente_palabra,:,0.0185
500M,"adiestrado, con su formato",siguiente_palabra,La,0.8917
500M,"adiestrado, con su formato",siguiente_palabra,El,0.0210
500M,"adiestrado, con su formato",siguiente_palabra,The,0.0135
500M,"adiestrado, con su formato",siguiente_palabra,L,0.0087
500M,"adiestrado, con su formato",siguiente_palabra,Como,0.0039
500M,"adiestrado, con su formato",siguiente_palabra,Para,0.0039
500M,bateria,sumar dos cifras,0.400,0.600,0.000
500M,bateria,plurales,0.200,0.400,0.200
500M,bateria,traducir del inglés,0.000,0.000,0.000
500M,bateria,saber cosas del mundo,0.000,0.000,0.000
500M,bateria,seguir un patrón inventado,0.000,0.000,0.000
500M,bateria,razonar sobre una frase,0.200,0.400,0.200
7.000M,en crudo,siguiente_palabra, una,0.2657
7.000M,en crudo,siguiente_palabra, la,0.1255
7.000M,en crudo,siguiente_palabra, uno,0.0715
7.000M,en crudo,siguiente_palabra, un,0.0672
7.000M,en crudo,siguiente_palabra, el,0.0491
7.000M,en crudo,siguiente_palabra, conoc,0.0407
7.000M,"adiestrado, enunciado tal cual",siguiente_palabra, una,0.1851
7.000M,"adiestrado, enunciado tal cual",siguiente_palabra, Par,0.1633
7.000M,"adiestrado, enunciado tal cual",siguiente_palabra, Paris,0.0821
7.000M,"adiestrado, enunciado tal cual",siguiente_palabra, la,0.0772
7.000M,"adiestrado, enunciado tal cual",siguiente_palabra, un,0.0640
7.000M,"adiestrado, enunciado tal cual",siguiente_palabra, __,0.0440
7.000M,"adiestrado, con su formato",siguiente_palabra,La,0.9999
7.000M,"adiestrado, con su formato",siguiente_palabra, La,0.0000
7.000M,"adiestrado, con su formato",siguiente_palabra,Par,0.0000
7.000M,"adiestrado, con su formato",siguiente_palabra,Paris,0.0000
7.000M,"adiestrado, con su formato",siguiente_palabra,¡,0.0000
7.000M,"adiestrado, con su formato",siguiente_palabra,El,0.0000
7.000M,bateria,sumar dos cifras,1.000,1.000,0.000
7.000M,bateria,plurales,0.800,0.600,0.600
7.000M,bateria,traducir del inglés,1.000,0.800,0.000
7.000M,bateria,saber cosas del mundo,0.400,0.200,0.000
7.000M,bateria,seguir un patrón inventado,0.000,0.000,0.000
7.000M,bateria,razonar sobre una frase,0.600,0.800,0.200
