tirada,semilla,cual,punto,valor
1,20260916,acierta,,0.9037
1,20260916,arranque,1,-0.703592
1,20260916,arranque,2,-0.336021
1,20260916,arranque,3,0.005308
1,20260916,arranque,4,-0.345061
1,20260916,arranque,5,-0.662552
1,20260916,arranque,6,0.332446
1,20260916,arranque,7,-0.660879
1,20260916,arranque,8,-0.028642
1,20260916,arranque,9,0.037324
1,20260916,arranque,10,0.367564
1,20260916,arranque,11,-0.634683
1,20260916,arranque,12,0.179921
1,20260916,arranque,13,0.845543
1,20260916,arranque,14,0.308382
1,20260916,arranque,15,-0.553972
1,20260916,arranque,16,0.083811
1,20260916,arranque,17,-0.550957
1,20260916,arranque,18,0.315201
1,20260916,arranque,19,0.405871
1,20260916,arranque,20,-0.659815
1,20260916,arranque,21,0.373961
1,20260916,arranque,22,-0.077828
1,20260916,arranque,23,-0.605015
1,20260916,arranque,24,-0.891986
1,20260916,arranque,25,0.455173
1,20260916,arranque,26,-0.739759
1,20260916,arranque,27,0.115641
1,20260916,arranque,28,0.956815
1,20260916,arranque,29,-0.336653
1,20260916,arranque,30,0.390696
1,20260916,arranque,31,-0.345707
1,20260916,arranque,32,-0.951562
1,20260916,arranque,33,-0.574148
1,20260916,arranque,34,-0.398287
1,20260916,arranque,35,0.632719
1,20260916,arranque,36,-0.057618
1,20260916,arranque,37,-0.970772
1,20260916,arranque,38,-0.390332
1,20260916,arranque,39,0.663788
1,20260916,arranque,40,0.118161
1,20260916,arranque,41,-0.832963
1,20260916,arranque,42,-0.883049
1,20260916,arranque,43,-0.235025
1,20260916,arranque,44,0.062045
1,20260916,arranque,45,0.620933
1,20260916,arranque,46,0.317855
1,20260916,arranque,47,-0.172120
1,20260916,arranque,48,0.896955
1,20260916,arranque,49,-0.420691
1,20260916,arranque,50,-0.051779
1,20260916,arranque,51,0.298637
1,20260916,arranque,52,0.021846
1,20260916,arranque,53,0.394553
1,20260916,arranque,54,0.088199
1,20260916,arranque,55,-0.378201
1,20260916,arranque,56,-0.770749
1,20260916,arranque,57,0.096299
1,20260916,arranque,58,0.227501
1,20260916,arranque,59,0.103807
1,20260916,arranque,60,-0.344378
1,20260916,arranque,61,-0.758621
1,20260916,arranque,62,0.998519
1,20260916,arranque,63,0.951562
1,20260916,arranque,64,-0.521044
1,20260916,final,1,-0.703592
1,20260916,final,2,-1.650524
1,20260916,final,3,0.595185
1,20260916,final,4,-3.990195
1,20260916,final,5,0.038140
1,20260916,final,6,-4.210218
1,20260916,final,7,-4.236657
1,20260916,final,8,0.272151
1,20260916,final,9,0.109423
1,20260916,final,10,2.133045
1,20260916,final,11,-1.086149
1,20260916,final,12,-0.107277
1,20260916,final,13,-2.708215
1,20260916,final,14,-1.450161
1,20260916,final,15,2.217653
1,20260916,final,16,1.358208
1,20260916,final,17,-0.832823
1,20260916,final,18,-0.573809
1,20260916,final,19,2.682312
1,20260916,final,20,-0.574245
1,20260916,final,21,-1.501798
1,20260916,final,22,2.740487
1,20260916,final,23,1.727724
1,20260916,final,24,0.124012
1,20260916,final,25,0.461425
1,20260916,final,26,0.346725
1,20260916,final,27,-0.418039
1,20260916,final,28,-1.468140
1,20260916,final,29,-1.800101
1,20260916,final,30,-1.189632
1,20260916,final,31,-1.052933
1,20260916,final,32,-0.885735
1,20260916,final,33,-0.574148
1,20260916,final,34,4.747537
1,20260916,final,35,-1.575558
1,20260916,final,36,-0.267088
1,20260916,final,37,0.983574
1,20260916,final,38,0.004721
1,20260916,final,39,-1.947331
1,20260916,final,40,0.118161
1,20260916,final,41,-0.830018
1,20260916,final,42,1.471711
1,20260916,final,43,4.028213
1,20260916,final,44,3.566360
1,20260916,final,45,-0.715850
1,20260916,final,46,-1.425510
1,20260916,final,47,-1.146731
1,20260916,final,48,1.295902
1,20260916,final,49,-0.412806
1,20260916,final,50,1.688576
1,20260916,final,51,0.464206
1,20260916,final,52,-0.524172
1,20260916,final,53,0.543893
1,20260916,final,54,3.140191
1,20260916,final,55,0.175824
1,20260916,final,56,-2.405211
1,20260916,final,57,0.096299
1,20260916,final,58,-0.164286
1,20260916,final,59,-0.323948
1,20260916,final,60,0.560916
1,20260916,final,61,1.545649
1,20260916,final,62,-1.056990
1,20260916,final,63,2.343003
1,20260916,final,64,1.243248
2,20261916,acierta,,0.9111
2,20261916,arranque,1,0.769506
2,20261916,arranque,2,0.045285
2,20261916,arranque,3,-0.124657
2,20261916,arranque,4,-0.834621
2,20261916,arranque,5,-0.707608
2,20261916,arranque,6,0.917458
2,20261916,arranque,7,-0.967482
2,20261916,arranque,8,0.840145
2,20261916,arranque,9,-0.237940
2,20261916,arranque,10,-0.301619
2,20261916,arranque,11,-0.647248
2,20261916,arranque,12,0.450684
2,20261916,arranque,13,-0.061839
2,20261916,arranque,14,0.604153
2,20261916,arranque,15,-0.668643
2,20261916,arranque,16,-0.640253
2,20261916,arranque,17,-0.290955
2,20261916,arranque,18,-0.522122
2,20261916,arranque,19,0.620404
2,20261916,arranque,20,0.719798
2,20261916,arranque,21,-0.922539
2,20261916,arranque,22,-0.195610
2,20261916,arranque,23,-0.426807
2,20261916,arranque,24,0.265474
2,20261916,arranque,25,0.927461
2,20261916,arranque,26,-0.070585
2,20261916,arranque,27,0.665310
2,20261916,arranque,28,0.616075
2,20261916,arranque,29,0.217950
2,20261916,arranque,30,0.144533
2,20261916,arranque,31,0.698276
2,20261916,arranque,32,-0.985425
2,20261916,arranque,33,0.383926
2,20261916,arranque,34,0.498155
2,20261916,arranque,35,-0.535010
2,20261916,arranque,36,-0.767989
2,20261916,arranque,37,0.075611
2,20261916,arranque,38,0.978213
2,20261916,arranque,39,0.671685
2,20261916,arranque,40,0.782027
2,20261916,arranque,41,-0.764867
2,20261916,arranque,42,0.061665
2,20261916,arranque,43,-0.862983
2,20261916,arranque,44,0.399086
2,20261916,arranque,45,0.910250
2,20261916,arranque,46,0.661109
2,20261916,arranque,47,0.515274
2,20261916,arranque,48,0.036237
2,20261916,arranque,49,0.604142
2,20261916,arranque,50,-0.399138
2,20261916,arranque,51,0.058269
2,20261916,arranque,52,-0.834289
2,20261916,arranque,53,-0.223362
2,20261916,arranque,54,0.294735
2,20261916,arranque,55,-0.734580
2,20261916,arranque,56,0.881017
2,20261916,arranque,57,-0.069410
2,20261916,arranque,58,-0.894370
2,20261916,arranque,59,0.738632
2,20261916,arranque,60,-0.498956
2,20261916,arranque,61,0.073118
2,20261916,arranque,62,0.684887
2,20261916,arranque,63,-0.306598
2,20261916,arranque,64,0.115314
2,20261916,final,1,0.769506
2,20261916,final,2,0.143020
2,20261916,final,3,0.057738
2,20261916,final,4,-4.647124
2,20261916,final,5,0.118961
2,20261916,final,6,-4.128871
2,20261916,final,7,-4.015689
2,20261916,final,8,1.377840
2,20261916,final,9,-0.025302
2,20261916,final,10,1.072825
2,20261916,final,11,-0.207504
2,20261916,final,12,-1.032478
2,20261916,final,13,-2.665524
2,20261916,final,14,-1.206811
2,20261916,final,15,1.692809
2,20261916,final,16,0.598758
2,20261916,final,17,-0.428589
2,20261916,final,18,-0.379776
2,20261916,final,19,2.854952
2,20261916,final,20,-0.753164
2,20261916,final,21,-0.772973
2,20261916,final,22,1.613472
2,20261916,final,23,2.492404
2,20261916,final,24,1.369818
2,20261916,final,25,0.904793
2,20261916,final,26,-0.951326
2,20261916,final,27,-0.507285
2,20261916,final,28,-0.886752
2,20261916,final,29,-2.268587
2,20261916,final,30,-0.991175
2,20261916,final,31,-1.031222
2,20261916,final,32,-0.955612
2,20261916,final,33,0.383926
2,20261916,final,34,3.103081
2,20261916,final,35,-1.219917
2,20261916,final,36,-0.290249
2,20261916,final,37,1.065015
2,20261916,final,38,0.405137
2,20261916,final,39,-1.943745
2,20261916,final,40,0.782027
2,20261916,final,41,-0.764155
2,20261916,final,42,2.015292
2,20261916,final,43,4.122389
2,20261916,final,44,3.372844
2,20261916,final,45,-0.164308
2,20261916,final,46,-1.597591
2,20261916,final,47,-1.622221
2,20261916,final,48,0.981491
2,20261916,final,49,0.610460
2,20261916,final,50,-0.098563
2,20261916,final,51,1.113651
2,20261916,final,52,-0.679125
2,20261916,final,53,0.253584
2,20261916,final,54,3.668057
2,20261916,final,55,0.370183
2,20261916,final,56,-0.500477
2,20261916,final,57,-0.067683
2,20261916,final,58,-1.211621
2,20261916,final,59,-0.189653
2,20261916,final,60,0.862567
2,20261916,final,61,1.990554
2,20261916,final,62,-1.312600
2,20261916,final,63,2.538923
2,20261916,final,64,0.970853
3,20262916,acierta,,0.9241
3,20262916,arranque,1,0.682702
3,20262916,arranque,2,-0.849958
3,20262916,arranque,3,0.368878
3,20262916,arranque,4,-0.185044
3,20262916,arranque,5,-0.765075
3,20262916,arranque,6,-0.543929
3,20262916,arranque,7,-0.431670
3,20262916,arranque,8,-0.757850
3,20262916,arranque,9,-0.952986
3,20262916,arranque,10,0.877515
3,20262916,arranque,11,0.434539
3,20262916,arranque,12,-0.011906
3,20262916,arranque,13,-0.672153
3,20262916,arranque,14,0.065972
3,20262916,arranque,15,-0.446574
3,20262916,arranque,16,0.962592
3,20262916,arranque,17,-0.405967
3,20262916,arranque,18,0.674193
3,20262916,arranque,19,-0.816086
3,20262916,arranque,20,-0.572774
3,20262916,arranque,21,0.290531
3,20262916,arranque,22,0.187730
3,20262916,arranque,23,0.162971
3,20262916,arranque,24,0.067469
3,20262916,arranque,25,0.306572
3,20262916,arranque,26,-0.841715
3,20262916,arranque,27,0.999655
3,20262916,arranque,28,0.528198
3,20262916,arranque,29,-0.913411
3,20262916,arranque,30,0.613522
3,20262916,arranque,31,0.892262
3,20262916,arranque,32,0.128955
3,20262916,arranque,33,0.248335
3,20262916,arranque,34,-0.038897
3,20262916,arranque,35,-0.259922
3,20262916,arranque,36,-0.979057
3,20262916,arranque,37,0.556623
3,20262916,arranque,38,-0.410628
3,20262916,arranque,39,-0.984627
3,20262916,arranque,40,0.034139
3,20262916,arranque,41,-0.805291
3,20262916,arranque,42,0.010028
3,20262916,arranque,43,-0.319314
3,20262916,arranque,44,0.752225
3,20262916,arranque,45,0.626477
3,20262916,arranque,46,-0.880404
3,20262916,arranque,47,0.459187
3,20262916,arranque,48,-0.621589
3,20262916,arranque,49,0.201208
3,20262916,arranque,50,-0.506088
3,20262916,arranque,51,-0.563788
3,20262916,arranque,52,-0.229582
3,20262916,arranque,53,0.650161
3,20262916,arranque,54,0.292184
3,20262916,arranque,55,0.625202
3,20262916,arranque,56,0.334309
3,20262916,arranque,57,0.298113
3,20262916,arranque,58,0.920350
3,20262916,arranque,59,-0.141634
3,20262916,arranque,60,0.518069
3,20262916,arranque,61,0.543073
3,20262916,arranque,62,0.936506
3,20262916,arranque,63,-0.118474
3,20262916,arranque,64,0.871432
3,20262916,final,1,0.682702
3,20262916,final,2,-0.622211
3,20262916,final,3,0.110576
3,20262916,final,4,-3.819282
3,20262916,final,5,1.181740
3,20262916,final,6,-4.195930
3,20262916,final,7,-3.442817
3,20262916,final,8,-1.175541
3,20262916,final,9,-0.781835
3,20262916,final,10,2.088180
3,20262916,final,11,-0.277297
3,20262916,final,12,-0.711915
3,20262916,final,13,-2.141399
3,20262916,final,14,-2.103968
3,20262916,final,15,1.860680
3,20262916,final,16,1.126519
3,20262916,final,17,-0.271743
3,20262916,final,18,-0.056370
3,20262916,final,19,2.476687
3,20262916,final,20,-0.493670
3,20262916,final,21,-0.852264
3,20262916,final,22,2.463849
3,20262916,final,23,2.503024
3,20262916,final,24,0.692740
3,20262916,final,25,0.306572
3,20262916,final,26,-0.927434
3,20262916,final,27,-0.290694
3,20262916,final,28,-2.282490
3,20262916,final,29,-1.635553
3,20262916,final,30,-0.305604
3,20262916,final,31,-1.223773
3,20262916,final,32,0.179924
3,20262916,final,33,0.248335
3,20262916,final,34,3.784092
3,20262916,final,35,-1.533543
3,20262916,final,36,-0.301614
3,20262916,final,37,0.929841
3,20262916,final,38,-0.468564
3,20262916,final,39,-1.816017
3,20262916,final,40,0.034139
3,20262916,final,41,-0.804004
3,20262916,final,42,1.525414
3,20262916,final,43,4.549771
3,20262916,final,44,2.728197
3,20262916,final,45,-0.409237
3,20262916,final,46,-0.679282
3,20262916,final,47,-1.185875
3,20262916,final,48,0.779383
3,20262916,final,49,0.208513
3,20262916,final,50,0.715014
3,20262916,final,51,0.074478
3,20262916,final,52,0.628800
3,20262916,final,53,-0.089104
3,20262916,final,54,2.324740
3,20262916,final,55,1.352536
3,20262916,final,56,-1.283830
3,20262916,final,57,0.300317
3,20262916,final,58,0.703250
3,20262916,final,59,-0.542963
3,20262916,final,60,-0.218685
3,20262916,final,61,2.995031
3,20262916,final,62,-1.542069
3,20262916,final,63,1.934831
3,20262916,final,64,-1.016779
4,20263916,acierta,,0.9296
4,20263916,arranque,1,-0.629818
4,20263916,arranque,2,0.595546
4,20263916,arranque,3,0.377736
4,20263916,arranque,4,-0.597611
4,20263916,arranque,5,-0.094448
4,20263916,arranque,6,0.679591
4,20263916,arranque,7,0.112526
4,20263916,arranque,8,-0.777813
4,20263916,arranque,9,-0.976782
4,20263916,arranque,10,-0.355035
4,20263916,arranque,11,-0.298179
4,20263916,arranque,12,-0.623166
4,20263916,arranque,13,0.368512
4,20263916,arranque,14,-0.435256
4,20263916,arranque,15,0.559967
4,20263916,arranque,16,-0.546036
4,20263916,arranque,17,-0.009769
4,20263916,arranque,18,-0.894142
4,20263916,arranque,19,-0.627393
4,20263916,arranque,20,-0.767963
4,20263916,arranque,21,-0.641345
4,20263916,arranque,22,0.438360
4,20263916,arranque,23,-0.572139
4,20263916,arranque,24,-0.477370
4,20263916,arranque,25,-0.128061
4,20263916,arranque,26,-0.852847
4,20263916,arranque,27,-0.572111
4,20263916,arranque,28,0.487876
4,20263916,arranque,29,0.330366
4,20263916,arranque,30,-0.871266
4,20263916,arranque,31,0.168510
4,20263916,arranque,32,-0.188729
4,20263916,arranque,33,-0.385199
4,20263916,arranque,34,-0.083284
4,20263916,arranque,35,0.657921
4,20263916,arranque,36,-0.091839
4,20263916,arranque,37,0.208188
4,20263916,arranque,38,0.490690
4,20263916,arranque,39,-0.738009
4,20263916,arranque,40,-0.818601
4,20263916,arranque,41,0.139190
4,20263916,arranque,42,0.871509
4,20263916,arranque,43,0.628914
4,20263916,arranque,44,0.187057
4,20263916,arranque,45,-0.548015
4,20263916,arranque,46,-0.744196
4,20263916,arranque,47,-0.155257
4,20263916,arranque,48,-0.345356
4,20263916,arranque,49,-0.107713
4,20263916,arranque,50,-0.772980
4,20263916,arranque,51,-0.601262
4,20263916,arranque,52,0.714178
4,20263916,arranque,53,0.153356
4,20263916,arranque,54,-0.992049
4,20263916,arranque,55,-0.771441
4,20263916,arranque,56,0.408940
4,20263916,arranque,57,0.858637
4,20263916,arranque,58,0.178099
4,20263916,arranque,59,-0.592973
4,20263916,arranque,60,0.499813
4,20263916,arranque,61,0.501675
4,20263916,arranque,62,-0.192989
4,20263916,arranque,63,-0.725916
4,20263916,arranque,64,-0.954988
4,20263916,final,1,-0.629818
4,20263916,final,2,0.294950
4,20263916,final,3,-0.091389
4,20263916,final,4,-4.402253
4,20263916,final,5,1.086749
4,20263916,final,6,-4.486454
4,20263916,final,7,-4.125453
4,20263916,final,8,-0.948457
4,20263916,final,9,-0.796324
4,20263916,final,10,2.408567
4,20263916,final,11,-0.601207
4,20263916,final,12,-0.463074
4,20263916,final,13,-2.170301
4,20263916,final,14,-0.920564
4,20263916,final,15,1.986419
4,20263916,final,16,-0.520659
4,20263916,final,17,-0.165340
4,20263916,final,18,-0.407673
4,20263916,final,19,2.807275
4,20263916,final,20,-1.098641
4,20263916,final,21,-0.731103
4,20263916,final,22,1.447128
4,20263916,final,23,1.679900
4,20263916,final,24,0.060300
4,20263916,final,25,-0.116929
4,20263916,final,26,-0.598551
4,20263916,final,27,-0.633497
4,20263916,final,28,-1.800814
4,20263916,final,29,-1.095122
4,20263916,final,30,-0.398313
4,20263916,final,31,-0.066056
4,20263916,final,32,-0.161069
4,20263916,final,33,-0.385199
4,20263916,final,34,4.107731
4,20263916,final,35,-1.056920
4,20263916,final,36,-0.487158
4,20263916,final,37,1.093351
4,20263916,final,38,-0.170228
4,20263916,final,39,-2.173358
4,20263916,final,40,-0.818601
4,20263916,final,41,0.141346
4,20263916,final,42,0.640020
4,20263916,final,43,4.598725
4,20263916,final,44,2.399056
4,20263916,final,45,-0.091718
4,20263916,final,46,-0.809219
4,20263916,final,47,-1.679203
4,20263916,final,48,0.833162
4,20263916,final,49,-0.099394
4,20263916,final,50,0.935525
4,20263916,final,51,0.141238
4,20263916,final,52,0.438969
4,20263916,final,53,-0.266110
4,20263916,final,54,2.951801
4,20263916,final,55,0.667161
4,20263916,final,56,-0.247155
4,20263916,final,57,0.860393
4,20263916,final,58,-0.353219
4,20263916,final,59,-0.385456
4,20263916,final,60,0.578503
4,20263916,final,61,2.169396
4,20263916,final,62,-1.092985
4,20263916,final,63,1.478920
4,20263916,final,64,-1.178377
5,20264916,acierta,,0.9259
5,20264916,arranque,1,-0.582252
5,20264916,arranque,2,0.002745
5,20264916,arranque,3,0.941549
5,20264916,arranque,4,-0.325493
5,20264916,arranque,5,0.716208
5,20264916,arranque,6,0.494632
5,20264916,arranque,7,-0.192332
5,20264916,arranque,8,-0.042147
5,20264916,arranque,9,0.328325
5,20264916,arranque,10,-0.146348
5,20264916,arranque,11,0.321167
5,20264916,arranque,12,0.255570
5,20264916,arranque,13,0.033995
5,20264916,arranque,14,-0.915094
5,20264916,arranque,15,-0.598036
5,20264916,arranque,16,0.179713
5,20264916,arranque,17,-0.136160
5,20264916,arranque,18,-0.305194
5,20264916,arranque,19,-0.976726
5,20264916,arranque,20,-0.427730
5,20264916,arranque,21,0.272328
5,20264916,arranque,22,0.704716
5,20264916,arranque,23,0.328902
5,20264916,arranque,24,0.886719
5,20264916,arranque,25,-0.205469
5,20264916,arranque,26,0.884051
5,20264916,arranque,27,-0.294551
5,20264916,arranque,28,-0.014400
5,20264916,arranque,29,-0.827104
5,20264916,arranque,30,0.372677
5,20264916,arranque,31,-0.463528
5,20264916,arranque,32,-0.092826
5,20264916,arranque,33,-0.081344
5,20264916,arranque,34,-0.195233
5,20264916,arranque,35,0.555426
5,20264916,arranque,36,-0.523478
5,20264916,arranque,37,-0.926114
5,20264916,arranque,38,0.204990
5,20264916,arranque,39,-0.376043
5,20264916,arranque,40,-0.064313
5,20264916,arranque,41,-0.000880
5,20264916,arranque,42,-0.248418
5,20264916,arranque,43,-0.538382
5,20264916,arranque,44,-0.933150
5,20264916,arranque,45,-0.934662
5,20264916,arranque,46,-0.638085
5,20264916,arranque,47,0.326666
5,20264916,arranque,48,0.567495
5,20264916,arranque,49,0.777701
5,20264916,arranque,50,-0.651712
5,20264916,arranque,51,-0.436415
5,20264916,arranque,52,-0.720468
5,20264916,arranque,53,0.730116
5,20264916,arranque,54,0.512530
5,20264916,arranque,55,-0.246020
5,20264916,arranque,56,-0.649418
5,20264916,arranque,57,-0.729288
5,20264916,arranque,58,-0.214773
5,20264916,arranque,59,-0.834083
5,20264916,arranque,60,0.853726
5,20264916,arranque,61,-0.182507
5,20264916,arranque,62,-0.511665
5,20264916,arranque,63,0.623361
5,20264916,arranque,64,-0.571448
5,20264916,final,1,-0.582252
5,20264916,final,2,0.317391
5,20264916,final,3,0.651595
5,20264916,final,4,-3.320018
5,20264916,final,5,1.169022
5,20264916,final,6,-4.009243
5,20264916,final,7,-3.850227
5,20264916,final,8,0.361482
5,20264916,final,9,0.430427
5,20264916,final,10,2.529382
5,20264916,final,11,-0.736731
5,20264916,final,12,-0.450192
5,20264916,final,13,-1.848438
5,20264916,final,14,-1.176115
5,20264916,final,15,0.882846
5,20264916,final,16,1.330377
5,20264916,final,17,-0.341232
5,20264916,final,18,-0.718376
5,20264916,final,19,2.865693
5,20264916,final,20,-0.836339
5,20264916,final,21,-0.598201
5,20264916,final,22,1.895533
5,20264916,final,23,2.339832
5,20264916,final,24,1.797382
5,20264916,final,25,-0.352255
5,20264916,final,26,-0.148164
5,20264916,final,27,-0.666501
5,20264916,final,28,-1.816813
5,20264916,final,29,-1.488312
5,20264916,final,30,-0.669005
5,20264916,final,31,0.630189
5,20264916,final,32,-0.057724
5,20264916,final,33,-0.081344
5,20264916,final,34,3.673117
5,20264916,final,35,-1.474675
5,20264916,final,36,-0.459457
5,20264916,final,37,0.663682
5,20264916,final,38,0.141199
5,20264916,final,39,-2.828797
5,20264916,final,40,-0.064313
5,20264916,final,41,0.004353
5,20264916,final,42,1.427450
5,20264916,final,43,4.233054
5,20264916,final,44,3.090661
5,20264916,final,45,-0.064480
5,20264916,final,46,-1.120519
5,20264916,final,47,-0.891914
5,20264916,final,48,2.083189
5,20264916,final,49,0.778071
5,20264916,final,50,2.013295
5,20264916,final,51,0.416948
5,20264916,final,52,-0.164424
5,20264916,final,53,-0.666364
5,20264916,final,54,3.078608
5,20264916,final,55,0.888547
5,20264916,final,56,-1.023606
5,20264916,final,57,-0.729288
5,20264916,final,58,0.038629
5,20264916,final,59,-1.686239
5,20264916,final,60,0.654550
5,20264916,final,61,1.377082
5,20264916,final,62,-1.315423
5,20264916,final,63,2.065791
5,20264916,final,64,-0.756512
