medicion,clave,sub,a,b,c
A_temperatura,0.0,bucles,0.000,,
A_temperatura,0.3,bucles,0.000,,
A_temperatura,0.7,bucles,0.000,,
A_temperatura,1.0,bucles,0.000,,
A_temperatura,1.3,bucles,0.000,,
A_temperatura,1.8,bucles,0.000,,
B_sorpresa,humano,,2.754,,
B_sorpresa,maquina,,0.772,,
C_aguja,1000,0.00,1,,
C_aguja,1000,0.25,1,,
C_aguja,1000,0.50,1,,
C_aguja,1000,0.75,1,,
C_aguja,1000,1.00,1,,
C_aguja,4000,0.00,1,,
C_aguja,4000,0.25,1,,
C_aguja,4000,0.50,1,,
C_aguja,4000,0.75,1,,
C_aguja,4000,1.00,1,,
C_aguja,16000,0.00,1,,
C_aguja,16000,0.25,1,,
C_aguja,16000,0.50,1,,
C_aguja,16000,0.75,1,,
C_aguja,16000,1.00,1,,
D_abstencion,enunciado normal,,0.650,,
D_abstencion,con umbral explícito,,0.950,,
